Number,calculated MW(kDa),Aromaticity,Instability index,Hydrophobic index,Alipathic index,Absolute charge per residue,Hydrophilic index,hydrophobic patch area,hydrophilic area,hydrophobic area ratio,mean MLP,mean coulombic,surface area,SASA,volume,hbonds,helix propensity,strand propensity,coil propensity,favorable contacts
0,58.235,0.070610687,47.74293893,-0.582633588,412.1,0.033816794,-32,19912.514,16286.651,0.55,-3.34,-0.1,28060,36064,75320,387,0.173664122,0.276717557,0.549618321,15938
1,51.996,0.072210066,45.2404814,-0.681400438,351.8,0.040940919,87.1,15070.02,12713.936,0.542,-3.601,-0.72,22680,26940,67950,355,0.140043764,0.32166302,0.538293217,14934
2,49.675,0.090909091,44.56474501,-0.273170732,359.9,0.052172949,-36.1,15291.407,10226.778,0.599,-2.77,-1.54,20840,24941,64800,354,0.157427938,0.328159645,0.514412417,15131
3,58.356,0.073786408,54.72699029,-0.716116505,389.6,0.047475728,124.3,19771.124,16367.624,0.547,-3.565,-1.08,28580,35570,75580,392,0.20776699,0.248543689,0.54368932,15250
4,52.595,0.082627119,47.61084746,-0.461440678,379.4,0.027881356,-9,16539.963,12151.593,0.576,-2.892,0.13,23060,28145,68300,379,0.199152542,0.315677966,0.485169492,15470
5,50.558,0.079120879,45.97650549,-0.34989011,381.3,0.034395604,-39.6,15604.659,11355.119,0.579,-3.003,-0.47,21490,26368,66160,345,0.114285714,0.307692308,0.578021978,14980
6,51.83,0.074074074,49.08041394,-0.537037037,341.3,0.027821351,41.8,15495.002,12217.253,0.559,-3.163,0.18,22580,26958,67420,389,0.202614379,0.283224401,0.51416122,14843
7,52.131,0.082073434,48.87695464,-0.583801296,339.2,0.055917927,80,17823.36,13717.208,0.565,-3.538,-1.11,24770,31306,67160,338,0.159827214,0.308855292,0.531317495,14359
8,58.144,0.07495069,63.55642998,-0.834714004,369.7,0.031972387,140.9,17394.492,15101.99,0.535,-3.598,-0.33,26240,31581,75560,420,0.207100592,0.272189349,0.520710059,16336
9,58.016,0.073267327,64.61150495,-0.797821782,380.4,0.041881188,135.5,17152.139,14719.31,0.538,-3.531,-0.97,25960,30968,75450,435,0.225742574,0.273267327,0.500990099,16349
10,58.056,0.066666667,65.00805882,-0.787058824,376.5,0.026078431,151.3,17374.263,14268.198,0.549,-3.579,0.09,25820,30744,75680,443,0.239215686,0.270588235,0.490196078,16408
11,95.169,0.069444444,72.29507576,-1.487247475,375.4,0.036313131,518.3,31544.236,32102.523,0.496,-4.132,-0.8,49900,62495,121600,653,0.433080808,0.181818182,0.38510101,23364
12,58.545,0.1003861,58.18882239,-0.569498069,374.5,0.018416988,-42,19957.873,15383.436,0.565,-3.04,1.12,28010,34877,76260,360,0.152509653,0.254826255,0.592664093,15396
13,58.676,0.1003861,58.80233591,-0.573938224,380.3,0.028069498,-40.8,20380.355,15517.373,0.568,-2.978,0.57,28140,35565,76270,361,0.142857143,0.254826255,0.602316602,15393
14,55.063,0.117283951,49.77613169,-0.424485597,351.9,0.03617284,-9.3,18948.512,12944.832,0.594,-2.392,-0.41,25480,31457,72000,345,0.201646091,0.275720165,0.522633745,15519
15,50.856,0.091517857,54.10294643,-0.701339286,304.3,0.045625,133.9,15140.053,12302.159,0.552,-3.476,-0.87,22290,26772,66310,359,0.229910714,0.303571429,0.466517857,14847
16,55.687,0.077079108,57.45091278,-0.688438134,360,0.025943205,20.5,17295.515,14880.768,0.538,-3.552,-0.28,25520,31448,72330,405,0.259634888,0.227180527,0.513184584,15255
17,54.626,0.0875,51.17689583,-0.513958333,378.2,0.032083333,83.8,17249.657,12729.765,0.575,-3.04,-0.05,24210,29293,71460,374,0.1625,0.291666667,0.545833333,15531
18,63.017,0.072595281,59.13324864,-1.012522686,362.9,0.033629764,80.7,19789.507,19973.27,0.498,-4.362,-0.19,31040,39257,80790,436,0.219600726,0.239564428,0.540834846,16627
19,57.043,0.079365079,50.27678571,-0.662698413,382.7,0.041904762,110.8,19449.93,15502.111,0.556,-3.297,-0.84,27780,34318,74100,379,0.18452381,0.257936508,0.557539683,15107
20,64.518,0.072566372,63.60955752,-0.876283186,390.6,0.045929204,217.7,22519.399,19351.905,0.538,-3.751,-1.18,32830,41245,83390,437,0.260176991,0.226548673,0.513274336,16436
21,61.164,0.07063197,61.63345725,-0.789776952,394.5,0.041152416,178.8,21026.284,17956.028,0.539,-3.766,-0.86,30540,38453,79130,420,0.219330855,0.237918216,0.542750929,15702
22,54.383,0.059304703,48.96380368,-0.448466258,423,0.02591002,-42.7,17812.571,13667.238,0.566,-3.045,0.39,25100,30859,70850,372,0.17791411,0.296523517,0.525562372,15499
23,53.758,0.075819672,46.64122951,-0.469057377,390,0.03204918,-23.5,17609.132,13659.34,0.563,-3.364,-0.07,24470,31091,69470,363,0.149590164,0.305327869,0.545081967,15309
24,51.377,0.086021505,46.7023871,-0.405591398,365.7,0.027849462,-69.9,16557.71,12245.227,0.575,-3.022,0.25,22780,28392,66880,350,0.124731183,0.298924731,0.576344086,14896
25,69.99,0.069139966,71.82023609,-1.279932546,320.8,0.040118044,319.6,20422.133,21961.521,0.482,-4.387,-0.79,33700,41323,90270,483,0.36762226,0.234401349,0.397976391,18555
26,63.052,0.074410163,60.49441016,-1.011252269,359,0.031814882,82.9,20227.797,19926.641,0.504,-4.292,-0.2,31230,39805,80610,435,0.22323049,0.239564428,0.537205082,16493
27,52.655,0.068669528,54.87811159,-0.515236052,361.6,0.025708155,102.1,16144.091,12652.571,0.561,-3.199,0.25,23240,28180,68740,386,0.184549356,0.30472103,0.510729614,14915
28,32.005,0.065743945,42.82702422,-0.537024221,239,0.023079585,7.5,12281.759,8733.011,0.584,-2.654,0.44,16430,20988,41140,217,0.155709343,0.238754325,0.605536332,8364
29,62.496,0.093577982,50.59069725,-0.849908257,340.1,0.03733945,221.3,21817.857,16512.096,0.569,-3.019,-0.54,30230,37916,80780,438,0.321100917,0.260550459,0.418348624,17361
30,69.729,0.095238095,76.55511905,-1.138945578,319.6,0.026598639,213.6,21369.824,19944.175,0.517,-3.712,0.39,33300,40244,89790,474,0.353741497,0.232993197,0.413265306,18869
31,56.503,0.058939096,49.21355599,-0.529076621,419,0.028035363,-45,18974.2,14917.127,0.56,-3.313,0.18,26650,33322,73610,360,0.15913556,0.273084479,0.567779961,15352
32,54.291,0.072580645,43.53995968,-0.495564516,385.1,0.021935484,-27.3,17977.738,14260.348,0.558,-3.566,0.28,24980,32095,70130,365,0.153225806,0.298387097,0.548387097,15271
33,21.055,0.086021505,69.24354839,-0.629032258,97.7,0.024623656,29.5,10224.373,7021.142,0.593,-2.999,0.75,13070,17321,26560,133,0.548387097,0,0.451612903,4468
34,53.824,0.073469388,46.18738776,-0.475918367,390,0.032040816,-20.7,17621.446,13706.701,0.562,-3.429,-0.11,24430,31190,69620,366,0.144897959,0.304081633,0.551020408,15219
35,53.256,0.060542797,46.08079332,-0.414613779,416.2,0.027912317,-53.5,17209.088,12733.15,0.575,-2.956,0.19,23950,29343,69660,367,0.14822547,0.296450939,0.555323591,15181
36,71.05,0.097520661,64.85836364,-1.089090909,337.9,0.031652893,221.8,21927.453,20042.556,0.522,-3.514,-0.39,33780,40876,91490,501,0.385123967,0.231404959,0.383471074,19297
37,65.029,0.064572426,61.27713787,-0.933856894,359.8,0.038726003,298.5,23153.869,19677.285,0.541,-3.602,-0.24,33940,41934,84060,438,0.312390925,0.237347295,0.45026178,16176
38,58.425,0.072691552,59.92612967,-0.784282908,354.1,0.043752456,112.9,17944.279,15847.608,0.531,-3.827,-0.41,27030,33144,75860,394,0.194499018,0.25540275,0.550098232,15704
39,58.709,0.073643411,53.96901163,-0.818604651,352,0.026124031,117.4,18622.933,16401.303,0.532,-3.772,0.03,27670,34344,76060,410,0.220930233,0.251937984,0.527131783,15669
40,16.373,0.057553957,77.89280576,-1.002158273,84.9,0.044388489,45.4,5838.958,5122.94,0.533,-4.188,-0.58,8392,11004,20500,114,0.589928058,0,0.410071942,4105
41,16.941,0.053691275,38.64563758,-0.394630872,107.3,0.043422819,50,6497.726,4346.29,0.599,-2.899,-0.75,8518,10681,22020,110,0.66442953,0.067114094,0.268456376,4224
42,16.597,0.04964539,76.74042553,-0.832624113,94.7,0.037092199,71.2,6106.978,5079.87,0.546,-2.929,-0.94,8576,11026,21170,130,0.787234043,0,0.212765957,4214
43,5.163,0.022727273,83.35454545,-1.213636364,17.5,0.052727273,13,1890.888,2011.691,0.485,-4.544,-0.55,2940,3899.5,6421,37,0.818181818,0,0.181818182,1100
44,18.46,0.03164557,62.8,-0.956329114,100.5,0.080632911,87.3,7543.619,5681.142,0.57,-3.515,-1.68,10330,12878,23610,139,0.759493671,0,0.240506329,4439
45,20.114,0.058139535,76.36569767,-1.241860465,94.8,0.041627907,75.7,8106.907,7123.995,0.532,-3.694,-0.74,11520,15215,25540,128,0.645348837,0,0.354651163,4501
46,17.524,0.081081081,49.84459459,-0.589189189,67.4,0.043513514,15.8,7753.854,4910.392,0.612,-2.672,-0.59,9838,12549,22330,96,0.540540541,0,0.459459459,3650
47,17.28,0.067114094,40.46442953,-0.403355705,107.3,0.056845638,42,7738.716,4852.223,0.615,-2.186,-1.06,9746,12477,22060,102,0.530201342,0.067114094,0.402684564,4202
48,16.911,0.02739726,73.93150685,-0.545890411,72.3,0.04369863,28.9,7127.315,4233.907,0.627,-2.601,-0.82,8820,11310,21510,117,0.705479452,0,0.294520548,4084
49,29.29,0.034883721,77.43449612,-0.884108527,160.9,0.03,83.9,10903.503,9232.264,0.541,-4.161,-0.27,15550,19948,37010,214,0.65503876,0,0.34496124,7351
50,19.014,0.079268293,56.54335366,-0.584756098,112.2,0.048292683,18.6,8506.02,5519.165,0.606,-2.347,-0.68,10870,13842,24310,118,0.603658537,0,0.396341463,4520
51,18.871,0.072727273,39.5169697,-0.469090909,123.8,0.023939394,14.6,8430.581,5220.874,0.618,-2.283,0.33,10530,13563,24140,125,0.581818182,0,0.418181818,4654
52,19.169,0.084337349,61.46566265,-0.51626506,122.9,0.023975904,12,8249.325,5176.312,0.614,-2.135,0.67,10590,13230,24690,113,0.590361446,0,0.409638554,4712
53,18.762,0.103658537,68.9945122,-0.501219512,107.3,0.017804878,-7,8689.594,5069.118,0.632,-1.781,0.64,10810,13456,24190,116,0.603658537,0,0.396341463,4403
54,19.361,0.082352941,61.19941176,-0.524705882,112.2,0.03,7.2,9104.957,5558.99,0.621,-2.157,0.42,11390,14463,24750,121,0.576470588,0,0.423529412,4487
55,25.621,0.158590308,20.92162996,-0.340528634,160,0.034405286,4.1,5288.792,4622.366,0.534,-3.902,-0.51,8212,9679,33320,187,0.145374449,0.36123348,0.49339207,9386
56,13.046,0.100840336,48.66554622,-0.02605042,75.2,0.046806723,-10.3,5737.644,3060.188,0.652,-2.12,-0.55,6737,8830.8,16500,74,0.226890756,0.159663866,0.613445378,3242
57,13.913,0.092307692,30.09692308,0.043846154,91.7,0.014615385,-14.4,6778.818,2927.213,0.698,-1.179,0.52,7496,9676.2,17850,96,0.392307692,0.146153846,0.461538462,3208
58,13.912,0.084615385,28.57692308,0.08,102.4,0.03,-15.8,6696.384,2907.564,0.697,-1.219,-0.59,7516,9562.2,17890,88,0.323076923,0.146153846,0.530769231,3185
59,13.916,0.1,28.61538462,0.050769231,89.8,0.03,-15.5,6150.469,2643.69,0.699,-1.435,-0.26,6927,8742.5,17910,96,0.361538462,0.146153846,0.492307692,3496
60,34.071,0.037288136,80.18237288,-0.953220339,181.3,0.006271186,49.5,13649.091,11964.764,0.533,-3.873,0.76,19830,25201,43910,223,0.6,0,0.4,7138
61,20.318,0.077777778,51.33555556,-0.537222222,122.9,0.03,-8.7,9363.086,5589.639,0.626,-2.557,0.33,11580,14749,26270,117,0.522222222,0,0.477777778,4633
62,16.449,0.055172414,62.60551724,-0.831724138,85.8,0.002413793,11.8,6632.674,5117.538,0.564,-3.212,1.65,8963,11672,20790,94,0.565517241,0,0.434482759,4343
63,16.09,0.042553191,62.7964539,-0.1,105.4,0.058368794,-11.3,7454.294,4647.396,0.616,-2.422,-1.38,9106,12201,20440,81,0.496453901,0,0.503546099,3710
64,20.104,0.084269663,56.5511236,-0.560674157,112.2,0.035617978,-4.8,9319.678,5525.742,0.628,-2.586,-0.03,11530,14763,25810,110,0.516853933,0,0.483146067,4629
65,20.114,0.084269663,48.59831461,-0.525280899,116.1,0.024382022,-6.8,9403.761,5424.206,0.634,-2.284,0.4,11620,14723,25900,111,0.5,0,0.5,4654
66,7.72,0.081967213,96.42622951,-1.760655738,24.4,0.079180328,65.8,3882.181,3385.835,0.534,-2.642,-1.15,5416,7262.6,9636,51,0.885245902,0,0.114754098,1429
67,21.013,0.075268817,51.55758065,-0.627956989,116,0.024623656,-4.3,9727.228,6310.546,0.607,-2.669,0.47,12470,15691,26880,116,0.521505376,0,0.478494624,4728
68,18.973,0.042682927,107.1756098,-1.056097561,96.6,0.036097561,92.3,8428.596,6206.454,0.576,-3.624,-0.14,11410,14491,24100,130,0.585365854,0,0.414634146,3739
69,17.944,0.037735849,51.18301887,-0.576100629,108.1,0.023710692,-1.5,8148.003,5770.566,0.585,-3.143,0.31,10620,13804,23030,105,0.540880503,0,0.459119497,3700
70,7.961,0.014925373,89.27910448,-1.556716418,28.4,0.029701493,51.9,2556.242,3237.522,0.441,-5.861,1.88,4402,5694.9,9993,55,0.597014925,0,0.402985075,1882
71,18.089,0.064516129,73.74193548,-0.496129032,138.6,0.03,16,7144.37,5237.992,0.577,-2.376,0.43,9720,12273,23220,117,0.651612903,0,0.348387097,4587
72,12.963,0.100840336,47.40252101,0.002521008,74.2,0.055210084,-12.7,5863.84,2843.45,0.673,-2.151,-1.15,6790,8757.3,16210,75,0.235294118,0.18487395,0.579831933,3331
73,26.238,0.155844156,16.19701299,-0.424675325,152.2,0.051645022,2.5,5216.332,4953.986,0.513,-4.203,-1.2,8404,9904.5,33990,188,0.155844156,0.354978355,0.489177489,9527
74,8.908,0.098765432,42.7617284,-0.17037037,54.6,0.054691358,-5.9,4766.625,2352.301,0.67,-1.213,-0.88,5447,7180.2,11170,50,0.24691358,0.197530864,0.555555556,1858
75,9.711,0.101123596,59.32696629,-0.25505618,45,0.09741573,-2.2,3570.336,2090.737,0.631,-2.712,-2.47,4448,5636.2,12170,71,0.224719101,0.247191011,0.528089888,2615
76,9.701,0.111111111,60.85888889,-0.18,44,0.107777778,-13.3,3504.829,2104.666,0.625,-2.723,-2.96,4445,5623.4,12260,62,0.233333333,0.255555556,0.511111111,2475
77,19.332,0.074285714,33.43085714,-0.605714286,129.5,0.024285714,31.6,5091.51,4180.14,0.549,-4.257,0.59,7495,9209,25020,126,0,0.394285714,0.605714286,6467
78,11.012,0.031914894,75.85106383,-1.317021277,41,0.001914894,92.9,3380.757,3785.839,0.472,-5.225,0.71,5491,7098.8,13820,81,0.585106383,0,0.414893617,2989
79,17.293,0.075,34.805625,0.0625,129.8,0.01125,-24.1,7212.671,3637.423,0.665,-1.89,0.58,8474,10797,21900,128,0.56875,0,0.43125,4871
80,17.306,0.052941176,65.19,0.040588235,113,0.035882353,-47.3,9078.146,5305.343,0.631,-2.96,0,10980,14508,21730,111,0.576470588,0,0.423529412,3597
81,14.682,0.038461538,82.61307692,-0.943076923,77.1,0.046923077,3.5,5238.289,4610.683,0.532,-3.403,3.69,7587,9686,18750,92,0.630769231,0,0.369230769,4058
82,19.175,0.062176166,48.19279793,0.543523316,169.9,0.055906736,-68.2,11477.679,4757.612,0.707,-1.761,-0.89,12190,16529,24510,104,0.471502591,0,0.528497409,3974
83,19.759,0.025906736,34.33367876,0.22642487,181.7,0.024818653,-23.2,10137.305,4763.442,0.68,-1.819,-0.01,11570,14744,25470,130,0.595854922,0,0.404145078,4920
84,17.308,0.029761905,63.01845238,0.241666667,163.8,0.023571429,-44.7,10643.447,4754.831,0.691,-1.689,1.22,11380,15636,22570,87,0.458333333,0,0.541666667,3281
85,25.275,0.077272727,82.54545455,-0.175909091,180.4,0.03,-99.9,14022.33,7848.411,0.641,-1.201,0,16520,21638,33020,114,0.563636364,0,0.436363636,4594
86,16.869,0.133333333,67.77933333,0.123333333,157.2,0.016666667,-82.5,12486.961,5473.465,0.695,0.388,0.18,13040,18137,21790,92,0.733333333,0,0.266666667,2032
87,17.562,0.108974359,53.55897436,0.2,131.8,0.010769231,-89,9244.449,4093.082,0.693,-0.3269,0.77,10410,12982,23130,124,0.730769231,0,0.269230769,3662
88,14.682,0.067164179,59.47985075,0.355970149,74.4,0.015074627,-83.1,8896.448,3353.144,0.726,-0.8784,0.3,9613,12103,18770,86,0.619402985,0,0.380597015,2765
89,35.397,0.074918567,113.1022801,-0.873941368,218.3,0.023485342,-104.3,20899.889,13877.698,0.601,-2.308,0,25300,35241,44840,134,0.407166124,0,0.592833876,5749
90,17.805,0.128205128,57.06410256,0.132692308,154.1,0.010769231,-96.9,9651.432,4516.972,0.681,0.05244,0.48,11070,13858,23380,118,0.730769231,0,0.269230769,3683
91,32.963,0.076923077,113.1776224,-0.730769231,215.4,0.026503497,-110,18843.507,12324.431,0.605,-2.067,-0.1,23200,31283,42250,129,0.433566434,0,0.566433566,5462
92,16.995,0.119205298,57.88940397,0.169536424,167.9,0.023377483,-87.1,12195.969,5100.657,0.705,0.3874,0.17,12710,17504,21740,112,0.768211921,0,0.231788079,2627
93,19.559,0.087431694,76.43398907,-0.036065574,130.9,0.024535519,-93.1,11829.286,5542.594,0.681,-1.496,0.07,12900,17585,24850,93,0.43715847,0,0.56284153,3723
94,32.236,0.074468085,106.2223404,-0.821631206,187.2,0.033546099,-100.2,19100.213,12138.009,0.611,-2.476,-0.19,22870,31669,40760,120,0.386524823,0,0.613475177,5252
95,33.941,0.074324324,115.160473,-0.869256757,197.9,0.016486486,-102.4,20569.538,13055.411,0.612,-2.262,0.26,24470,34028,43060,124,0.405405405,0,0.594594595,5374
96,30.403,0.064885496,115.3480916,-0.91259542,193.9,0.018549618,-77.6,20461.172,12965.157,0.612,-1.898,0.09,24360,33772,38590,110,0.438931298,0,0.561068702,3593
97,36.118,0.063897764,121.2166134,-0.957188498,210.6,0.020415335,-96.8,21154.411,14966.049,0.586,-2.669,0.09,26250,36424,45610,139,0.418530351,0,0.581469649,5804
98,34.239,0.074074074,112.6232323,-0.860606061,202.7,0.01989899,-101.8,20243.881,13546.405,0.599,-2.403,0.04,24540,34214,43390,130,0.397306397,0,0.602693603,5465
99,36.666,0.059561129,121.0394984,-0.931347962,220.4,0.03,-106.6,21240.844,14830.173,0.589,-2.603,-0.02,26260,36451,46570,146,0.460815047,0,0.539184953,5714
100,36.005,0.045454545,94.62532468,-1.351623377,142.2,0.049480519,-33.4,18711.456,16307.673,0.534,-3.73,-0.47,25510,35060,45040,145,0.451298701,0,0.548701299,5195
101,23.689,0.02690583,85.64932735,-0.166367713,178.4,0.01206278,-96.5,16619.112,6941.126,0.705,-1.37,0.63,17230,23921,30040,92,0.34529148,0,0.65470852,3745
102,29.287,0.056179775,60.68876404,0.074157303,308.8,0.015018727,-151.1,17532.643,8356.156,0.677,-0.4831,0.49,20080,25368,38540,197,0.715355805,0,0.284644195,5547
103,29.019,0.06741573,59.81573034,0.327715356,320.5,0.015018727,-174.1,17648.269,7543.106,0.701,-0.07339,0.66,19920,24460,38830,181,0.651685393,0,0.348314607,5323
104,29.213,0.055762082,59.4669145,0.07732342,303,0.03,-160.2,17560.837,8152.267,0.683,-0.5603,0.11,20170,25147,38390,207,0.710037175,0,0.289962825,5547
105,24.23,0.098130841,49.35093458,-0.424766355,152.3,0.025327103,7.8,13614.537,7663.297,0.64,-1.619,0.43,16290,21099,31790,114,0.448598131,0,0.551401869,3776
106,33.422,0.081911263,107.2122867,-0.553924915,217.3,0.012935154,-116.7,20274.005,11853.518,0.631,-1.919,0.58,23390,32720,42570,125,0.348122867,0,0.651877133,5796
107,30.195,0.053030303,113.2651515,-0.650757576,202.5,0.026212121,-77,16689.685,11242.649,0.598,-2.573,-0.12,20570,28154,38710,124,0.409090909,0,0.590909091,5162
108,33.379,0.06440678,100.6925424,-0.439322034,235.7,0.026610169,-114.7,19526.671,12076.921,0.618,-2.371,0.06,23230,32006,42740,138,0.362711864,0,0.637288136,5460
109,34.252,0.0625,107.5236842,-0.575986842,220.2,0.023421053,-104.9,19028.394,14026.841,0.576,-2.836,0.22,24160,33340,43790,127,0.355263158,0,0.644736842,5589
110,56.306,0.094188377,50.1753507,-0.509218437,381.1,0.013967936,-26.1,17845.555,13464.45,0.57,-2.754,1.18,25380,30630,73420,407,0.190380762,0.276553106,0.533066132,15740
111,56.047,0.105050505,51.22345455,-0.498181818,367.6,0.011818182,-43.1,17499.25,13213.415,0.57,-2.886,1.44,24810,29823,73420,390,0.193939394,0.280808081,0.525252525,15898
112,56.247,0.090180361,51.36132265,-0.539078156,383.1,0.00995992,-10.3,17843.466,13969.486,0.561,-2.929,1.42,25710,31079,73410,393,0.206412826,0.28256513,0.511022044,15526
113,56.818,0.098,47.80502,-0.5098,391.1,0.014,-35.5,18184.406,13404.196,0.576,-2.85,1.23,25600,30738,74680,370,0.18,0.262,0.558,15730
114,56.015,0.090725806,46.23104839,-0.45625,401.5,0.015887097,-23.4,17489.348,12673.465,0.58,-2.675,0.96,24830,29146,73310,406,0.223790323,0.266129032,0.510080645,16004
115,54.861,0.095041322,39.31654959,-0.433057851,409.6,0.005206612,-24.2,17835.526,12751.639,0.583,-2.496,1.69,24670,29513,72370,361,0.194214876,0.272727273,0.533057851,15512
116,56.551,0.102204409,52.10643287,-0.49498998,380.2,0.007955912,-40.6,17441.319,13303.896,0.567,-2.893,1.57,24990,29724,74240,391,0.20240481,0.278557114,0.519038076,16078
117,56.808,0.098,47.94342,-0.5082,391.1,0.014,-35.2,18193.341,13523.945,0.574,-2.729,1.37,25600,30772,74590,393,0.19,0.28,0.53,15915
118,21.036,0.093406593,95.62087912,-0.380769231,141.3,0.024505495,-72,10561.114,6541.89,0.618,-1.558,0.31,13090,16866,27320,111,0.543956044,0,0.456043956,4312
119,32.38,0.052816901,81.39859155,-0.373943662,226.3,0.022957746,-86.2,14910.144,9470.91,0.612,-2.551,0.41,19010,24114,41580,186,0.545774648,0,0.454225352,7223
120,19.702,0.061452514,60.20391061,-0.178212291,112.3,0.007653631,-78,10102.944,6283.025,0.617,-2.789,0.86,12230,16515,24910,97,0.469273743,0,0.530726257,3797
121,28.205,0.090534979,99.98559671,-0.414814815,190,0.038230453,-98.3,14901.594,9835.338,0.602,-1.71,-0.1,18700,24691,36620,135,0.522633745,0,0.477366255,5139
122,29.673,0.090196078,100.4466667,-0.465098039,196.8,0.033921569,-104.9,16404.063,10938.446,0.6,-1.865,0.1,20500,27369,38360,135,0.498039216,0,0.501960784,4950
123,19.531,0.083333333,49.88611111,0.074444444,129.2,0.018888889,-93.4,12555.355,5103.099,0.711,-0.6841,0.45,13730,17404,25530,104,0.544444444,0,0.455555556,2886
124,33.422,0.081911263,107.2122867,-0.553924915,217.3,0.012935154,-116.7,20274.005,11853.518,0.631,-1.919,0.58,23390,32720,42570,125,0.348122867,0,0.651877133,5796
125,30.195,0.053030303,113.2651515,-0.650757576,202.5,0.026212121,-77,16689.685,11242.649,0.598,-2.573,-0.12,20570,28154,38710,124,0.409090909,0,0.590909091,5162
126,33.379,0.06440678,100.6925424,-0.439322034,235.7,0.026610169,-114.7,19526.671,12076.921,0.618,-2.371,0.06,23230,32006,42740,138,0.362711864,0,0.637288136,5460
127,34.252,0.0625,107.5236842,-0.575986842,220.2,0.023421053,-104.9,19028.394,14026.841,0.576,-2.836,0.22,24160,33340,43790,127,0.355263158,0,0.644736842,5589
128,41.02,0.06741573,119.1648876,-0.946910112,214.5,0.013146067,-103.8,23676.531,16942.091,0.583,-2.889,0.64,30080,40644,52340,156,0.367977528,0,0.632022472,5794
129,16.869,0.133333333,67.77933333,0.123333333,157.2,0.016666667,-82.5,12475.54,5422.844,0.697,0.3693,0.21,13000,18012,21770,91,0.72,0,0.28,2135
130,14.682,0.067164179,59.47985075,0.355970149,74.4,0.015074627,-83.1,8896.448,3353.144,0.726,-0.8784,0.3,9613,12103,18770,86,0.619402985,0,0.380597015,2765
131,32.236,0.074468085,106.2223404,-0.821631206,187.2,0.033546099,-100.2,19100.213,12138.009,0.611,-2.476,-0.19,22870,31669,40760,120,0.386524823,0,0.613475177,5252
132,36.666,0.059561129,121.0394984,-0.931347962,220.4,0.03,-106.6,21240.844,14830.173,0.589,-2.603,-0.02,26260,36451,46570,146,0.460815047,0,0.539184953,5714
133,56.063,0.105050505,52.11113131,-0.503434343,366.6,0.011818182,-42.3,17557.741,13552.688,0.564,-2.88,1.41,25300,30249,73570,366,0.181818182,0.280808081,0.537373737,15667
134,56.513,0.102204409,53.27637275,-0.515230461,372.4,0.011963928,-37.1,17669.503,13644.643,0.564,-2.853,1.31,25380,30402,74060,376,0.206412826,0.278557114,0.51503006,15693
135,56.058,0.086,45.224,-0.412,399.8,0.012,-49.4,18270.807,13352.872,0.578,-2.707,1.25,25520,30774,73510,386,0.202,0.266,0.532,15405
136,57.166,0.082514735,57.29705305,-0.538506876,399.7,0.006424361,-9.7,18135.166,14126.98,0.562,-3.036,1.45,26070,31532,74690,410,0.212180747,0.26129666,0.526522593,15903
137,44.462,0.105392157,36.84585784,0.053921569,367.3,0.02754902,-44.6,15083.716,8544.614,0.638,-1.336,0.15,19190,23310,58480,296,0.200980392,0.333333333,0.465686275,13651
138,52.927,0.08137045,45.44282655,-0.470021413,358.8,0.040706638,-53,16178.877,11792.585,0.578,-3.009,-0.66,22840,27200,68780,360,0.182012848,0.282655246,0.535331906,15496
139,56.05,0.087221095,63.14624746,-0.625557809,357.8,0.02188641,54.1,17798.178,13843.262,0.562,-3.113,0.34,25730,30867,72750,397,0.192697769,0.267748479,0.539553753,15649
140,55.938,0.068686869,52.98062626,-0.635353535,380.1,0.034040404,122.2,17902.766,14231.385,0.557,-3.251,-0.33,26230,31261,73090,392,0.214141414,0.278787879,0.507070707,15353
141,57.09,0.082677165,67.61535433,-0.576181102,369.7,0.022125984,16.8,18229.444,14207.807,0.562,-3.243,0.54,26490,31583,74180,391,0.220472441,0.277559055,0.501968504,15893
142,57.762,0.08086785,61.93140039,-0.655621302,393.8,0.012248521,58.9,18887.823,14226.161,0.57,-3.013,1.42,26710,32258,75440,414,0.218934911,0.26035503,0.520710059,15905
143,55.272,0.094845361,47.6317732,-0.577525773,354.1,0.017628866,9.4,16906.487,13803.025,0.551,-3.086,0.82,24760,29978,71880,401,0.202061856,0.286597938,0.511340206,15663
144,51.234,0.09030837,47.86806167,-0.607709251,338.3,0.014581498,5.4,15013.319,12796.931,0.54,-3.363,1.31,22560,27093,66600,377,0.182819383,0.317180617,0.5,14839
145,54.851,0.088477366,45.22016461,-0.510288066,385.9,0.017654321,-12.3,17014.426,13658.855,0.555,-2.996,0.74,24970,29765,71940,368,0.154320988,0.271604938,0.574074074,15106
146,52.503,0.070063694,42.37537155,-0.459872611,364.8,0.008768577,62.1,17662.776,13227.883,0.572,-3.062,0.84,24680,30221,68580,357,0.154989384,0.282377919,0.562632696,14404
147,53.123,0.096153846,38.71220085,-0.485042735,386.3,0.002222222,-12,17298.996,13364.553,0.564,-2.609,1.87,24590,29736,70020,344,0.151709402,0.271367521,0.576923077,14707
148,42.211,0.073369565,65.86032609,-0.676086957,252.5,0.013695652,97.8,15922.364,12385.628,0.562,-3.13,0.4,22510,27727,54860,251,0.149456522,0.230978261,0.619565217,9818
149,37.903,0.081005587,27.3,0.119553073,330.6,0.038379888,-46.9,10739.937,6068.699,0.639,-2.166,-0.53,14060,16457,49640,291,0.142458101,0.379888268,0.477653631,12966
150,37.993,0.081005587,29.42849162,0.077932961,325.7,0.046759777,-35.1,10825.964,6314.377,0.632,-2.112,-1.21,14200,16764,49720,280,0.148044693,0.377094972,0.474860335,13029
151,38.47,0.08988764,27.11264045,0.005617978,328.7,0.032808989,-18.5,10604.708,6654.959,0.614,-1.871,-0.07,14350,16907,50460,282,0.154494382,0.376404494,0.469101124,13361
152,52.181,0.083511777,44.77687366,-0.330406852,402.6,0.02143469,44.8,17879.45,12596.464,0.587,-2.296,0.45,24490,29859,68740,364,0.21627409,0.254817987,0.528907923,14184
153,38.258,0.08988764,31.52893258,0.004775281,329.3,0.038426966,-16.8,10329.47,6590.013,0.611,-2.358,-0.51,14040,16571,50510,283,0.154494382,0.379213483,0.466292135,12980
154,40.151,0.101876676,40.55069705,0.015013405,305.9,0.03,-50.6,11852.861,7302.931,0.619,-2.102,-0.29,15700,18851,52310,297,0.163538874,0.351206434,0.485254692,13443
155,32.868,0.081699346,25.19803922,-0.00130719,289.3,0.039803922,-13,8687.38,6416.334,0.575,-2.782,-0.68,12420,14700,43410,233,0.107843137,0.441176471,0.450980392,11010
156,55.864,0.064257028,52.82269076,-0.550401606,402.3,0.032008032,75.3,18169.536,14700.497,0.553,-3.369,-0.38,26200,32327,72700,380,0.176706827,0.265060241,0.558232932,15109
157,38.035,0.08988764,32.44073034,-0.008988764,315.9,0.03,-18,10464.652,6733.723,0.608,-2.317,0.08,14260,16777,49910,288,0.143258427,0.384831461,0.471910112,13145
158,56.826,0.088176353,44.05052104,-0.506012024,415.3,0.004068136,-20.4,17809.367,13177.638,0.575,-2.532,2.32,25230,30042,74940,409,0.21242485,0.270541082,0.517034068,16240
159,38.764,0.089385475,24.68910615,0.058659218,354.6,0.041173184,-64.5,10860.442,6718.999,0.618,-1.665,-0.79,14530,17135,51150,286,0.17877095,0.357541899,0.463687151,13535
160,60.553,0.101503759,56.29360902,-0.466541353,366.7,0.022481203,-10.4,21060.032,15292.065,0.579,-2.743,0.65,29160,35327,79350,399,0.19924812,0.248120301,0.552631579,15885
161,39.28,0.091160221,35.90751381,-0.090055249,327.2,0.043812155,-0.7,10725.734,7477.889,0.589,-2.552,-0.63,15040,17877,51430,279,0.14640884,0.378453039,0.475138122,13112
162,38.974,0.092178771,25.39441341,0.037709497,353.5,0.046759777,-59.2,10744.631,6987.542,0.606,-1.824,-1.08,14590,17260,51630,286,0.175977654,0.351955307,0.472067039,13431
163,42.697,0.097435897,38.58469231,0.062307692,357.3,0.042820513,-97,14370.218,9254.785,0.608,-2.252,-0.78,19050,23121,56500,238,0.135897436,0.287179487,0.576923077,12112
164,38.203,0.084269663,35.37275281,0.009269663,323.4,0.035617978,-22.7,10327.803,7048.291,0.594,-2.421,-0.31,14480,16971,50150,272,0.146067416,0.379213483,0.474719101,12929
165,11.492,0.058823529,30.01872549,-0.115686275,117,0.039803922,-27.1,5347.771,3260.854,0.621,-0.9281,-0.69,6821,8465.3,15440,38,0,0.12745098,0.87254902,2064
166,57.4,0.089641434,62.26077689,-0.707569721,339.5,0.031992032,166.2,19667.752,14811.315,0.57,-3.128,-0.35,27540,33953,74520,388,0.256972112,0.266932271,0.476095618,15854
167,57.956,0.071705426,57.94015504,-0.839147287,344.8,0.057131783,93.2,19690.781,15929.723,0.553,-3.607,-1.76,27970,35294,74580,397,0.209302326,0.25,0.540697674,15647
168,53.63,0.068893528,48.18457203,-0.533402923,371.6,0.036263048,51.7,16657.806,12695.173,0.567,-3.29,-0.61,23750,28581,69840,374,0.200417537,0.275574113,0.524008351,15381
169,52.054,0.075757576,48.11450216,-0.580519481,358.3,0.025670996,66.3,16269.684,13196.591,0.552,-3.158,0.32,23930,28609,67710,383,0.186147186,0.311688312,0.502164502,14711
170,53.741,0.08,55.25391579,-0.567578947,336.4,0.038421053,29.5,16432.527,12854.112,0.561,-3.135,-0.5,23870,28466,70110,384,0.208421053,0.28,0.511578947,15005
171,54.818,0.085714286,48.41142857,-0.576530612,381.2,0.034081633,38.3,18815.115,14227.578,0.569,-2.958,-0.18,25980,32408,71580,374,0.16122449,0.269387755,0.569387755,15106
172,38.481,0.101123596,32.66575843,-0.005617978,306.9,0.060898876,-22.7,10475.65,6837.289,0.605,-2.424,-1.59,14290,16903,50370,277,0.137640449,0.376404494,0.485955056,13254
173,49.046,0.085393258,42.98179775,-0.22247191,368.6,0.050224719,-48.1,14676.142,9928.017,0.596,-2.69,-1.39,20120,23903,64090,352,0.179775281,0.33258427,0.487640449,14939
174,53.264,0.072033898,64.74025424,-0.522245763,395.6,0.032118644,25.8,15423.459,12632.817,0.55,-3.404,-0.15,22840,27364,69650,395,0.216101695,0.279661017,0.504237288,15550
175,20.393,0.075581395,92.42151163,-1.113953488,83.9,0.03,77.8,9385.864,6442.738,0.593,-2.896,-0.29,12220,15622,25940,137,0.593023256,0,0.406976744,4132
176,13.97,0.092307692,31.68076923,0.002307692,86.8,0.03,-13.4,6637.95,2821.965,0.702,-1.405,-0.12,7314,9424.7,17830,94,0.384615385,0.146153846,0.469230769,3361
177,13.912,0.092307692,28.94076923,0.035384615,90.7,0.03,-14.1,6464.026,2870.557,0.692,-1.45,-0.61,7283,9296.3,17680,94,0.346153846,0.176923077,0.476923077,3430
178,13.778,0.084615385,30.02384615,0.056153846,95.6,0.03,-12.6,6388.636,2743.289,0.7,-1.465,-0.56,7179,9140.2,17630,93,0.353846154,0.146153846,0.5,3406
179,12.284,0.057692308,74.22692308,-0.805769231,78.1,0.133461538,16.3,3284.371,3486.185,0.485,-3.31,6.85,5308,6662.1,15900,89,0.721153846,0,0.278846154,3784
180,18.916,0.046511628,58.80813953,-0.140697674,120.9,0.01255814,-70.6,9258.221,5945.672,0.609,-2.718,0.61,11450,15103,24030,97,0.511627907,0,0.488372093,3930
181,32.406,0.056338028,81.13309859,-0.367253521,226.3,0.022957746,-88,14683.376,9476.808,0.608,-2.526,0.4,18790,23810,41780,181,0.542253521,0,0.457746479,7232
182,32.352,0.052816901,81.66408451,-0.382394366,224.4,0.022957746,-85.2,14034.866,9443.246,0.598,-2.581,0.56,18420,23038,41990,176,0.524647887,0,0.475352113,7288
183,29.054,0.071713147,109.7896414,-0.849003984,156.9,0.03,-96.4,19322.904,12137.382,0.614,-1.98,0.04,22720,31853,37080,87,0.346613546,0,0.653386454,3402
184,34.737,0.081967213,93.6104918,-0.497377049,218.1,0.020163934,-114.9,22393.327,12737.932,0.637,-1.754,0.35,25670,35572,44350,125,0.347540984,0,0.652459016,5054
185,32.967,0.06185567,100.1793814,-0.523367698,227.1,0.019690722,-112.7,20274.834,11979.181,0.629,-2.009,0.14,23580,32629,41980,133,0.35395189,0,0.64604811,5087
186,37.184,0.058103976,116.8311927,-0.685321101,235.9,0.020825688,-123.9,23311.789,15015.118,0.608,-2.351,0.3,27840,39000,47410,126,0.305810398,0,0.694189602,5082
187,27.88,0.052631579,93.2,-0.482591093,190.1,0.021902834,-78.9,16240.823,9827.649,0.623,-2.057,0.28,19390,26161,35930,115,0.408906883,0,0.591093117,4369
188,32.417,0.081272085,108.9070671,-0.72614841,200.7,0.03,-109.3,19294.05,11650.717,0.623,-2.038,-0.08,22790,31373,41570,137,0.4204947,0,0.5795053,5037
189,16.878,0.133333333,66.49533333,0.125333333,157.2,0.016666667,-83.2,10093.36,4712.116,0.682,0.3492,0.35,11720,14418,22260,109,0.7,0,0.3,3058
190,58.471,0.075435203,53.04705996,-0.481237911,447.6,0.037736944,-7.1,20455.548,13909.405,0.595,-2.67,-0.65,27360,33781,76090,397,0.208897485,0.255319149,0.535783366,16296
191,38.513,0.092696629,32.5241573,0.006460674,320.5,0.060898876,-3.8,10325.67,7029.079,0.595,-2.422,-1.81,14400,16954,50540,277,0.148876404,0.382022472,0.469101124,13046
192,38.379,0.087078652,27.34662921,-0.002247191,328.6,0.03,-23.6,10569.725,6507.943,0.619,-2.085,0.11,14270,16757,50310,279,0.148876404,0.382022472,0.469101124,13337
193,53.326,0.080338266,49.93109937,-0.573995772,357.9,0.027885835,32.4,15863.768,13251.813,0.545,-3.487,-0.22,23490,28415,69160,385,0.190274841,0.293868922,0.515856237,15556
194,57.12,0.084313725,61.37431373,-0.35745098,416.4,0.018235294,-38.2,20160.627,13400.327,0.601,-2.454,0.72,27000,32798,74510,399,0.18627451,0.266666667,0.547058824,15765
195,38.996,0.101928375,39.15292011,0.007162534,301.1,0.038264463,-57.8,10767.275,6747.884,0.615,-2.17,-0.65,14610,17110,50990,291,0.168044077,0.360881543,0.47107438,13356
196,43.615,0.1,34.181775,-0.04375,345.9,0.02,-37.3,14419.903,8470.065,0.63,-1.693,0.32,18410,22392,57070,309,0.2,0.34,0.46,13988
197,44.587,0.08716707,28.66905569,-0.107990315,351.7,0.02031477,2.4,14620.972,9404.871,0.609,-2.334,0.49,19480,23760,58260,310,0.1937046,0.329297821,0.476997579,13683
198,38.379,0.08988764,34.45452247,-0.048595506,325.6,0.046853933,-18.3,10213.192,6995.727,0.593,-2.431,-1.03,14350,16834,50290,286,0.148876404,0.382022472,0.469101124,13140
199,38.391,0.089635854,31.41764706,0.036694678,325.6,0.055210084,-38.7,10395.703,6711.862,0.608,-2.32,-1.56,14310,16787,49920,292,0.154061625,0.378151261,0.467787115,13287
