label,GCN,solubility
1,0.612375796,0.18
2,0.381843776,0.07
3,0.69256264,0.85
4,0.780890286,0.89
5,0.642074645,0.59
6,0.877992213,1
8,0.684393227,0.32
9,0.262660861,0.13
10,0.860013723,1
11,0.429720342,0.42
13,0.919657767,1
14,0.742466152,0.75
15,0.321001768,0.57
16,0.807864666,0.94
17,0.66832155,0.6
18,0.508659601,0.19
19,0.70317477,0.15
20,0.369438827,0.55
21,0.535250723,0.41
22,0.912877738,0.78
23,0.52156812,0.53
24,0.457581371,0.36
25,0.870552003,0.83
26,0.464417309,0.34
27,0.87199378,0.81
28,0.566308737,0.27
31,0.565275013,0.86
33,0.351571292,0.33
34,0.62565881,0.44
35,0.362946182,0.38
37,0.329139799,0.08
38,0.30120945,0.3
39,0.26614663,0.28
40,0.173095569,0.09
41,0.149309054,0.11
42,0.605242372,0.22
43,0.197216511,0.08
47,0.488675475,0.1
48,0.448249519,0.08
49,0.350152194,0.03
50,0.684581876,0.15
51,0.76973635,0.79
54,0.271150053,0.22
55,0.383783013,0.35
56,0.430094332,0.59
58,0.403829485,0.49
59,0.527170062,0.77
60,0.703046203,0.97
61,0.456561536,0.24
62,0.690280557,0.85
63,0.832341075,0.8
65,0.488643527,0.58
66,0.946182787,1
67,0.923996985,0.92
69,0.73515451,0.64
70,0.359083176,0.17
72,0.738294482,0.6
73,0.274254203,0.03
75,0.30911833,0.16
76,0.71503526,0.95
77,0.760392606,0.79
78,0.583298743,0.9
79,0.920716882,0.83
80,0.747588098,0.36
82,0.554260671,0.22
83,0.331598461,0.06
84,0.33066678,0.19
85,0.310813546,0.79
86,0.583276987,0.48
87,0.496034503,0.06
90,0.176300645,0.12
91,0.727674484,0.75
92,0.421677589,0.22
93,0.697680414,0.52
95,0.279599994,0.15
96,0.342194587,0.41
98,0.695232868,0.26
99,0.231795475,0.09
100,0.70017767,0.77
102,0.400499016,0.23
104,0.473905981,0.2
106,0.393608809,0.07
107,0.28489244,0.46
108,0.344153166,0.33
111,0.766072571,1
113,0.495401442,0.31
114,0.276144952,0.09
115,0.867940605,0.93
116,0.279707432,0.06
117,0.59656024,0.41
118,0.762883425,0.64
119,0.786363423,0.77
120,0.908116281,0.87
122,0.887447119,1
123,0.568038762,0.67
124,0.456435263,0.16
126,0.746877909,0.49
127,0.357364893,0.48
128,0.640847087,0.28
129,0.549950242,0.22
130,0.501621664,0.47
131,0.544809461,0.6
132,0.321672767,0.32
133,0.692696631,0.29
134,0.315109223,0.06
137,0.814785779,1
138,0.714185774,0.77
139,0.610278964,1
141,0.466335803,0.51
143,0.587667525,0.82
144,0.788299263,0.86
146,0.854155421,0.93
147,0.791574657,0.79
148,0.39108786,0.08
149,0.320471019,0.1
151,0.839030266,0.73
152,0.73255372,0.13
154,0.279457062,0.44
155,0.508767486,0.27
156,0.692663491,0.92
157,0.473166496,0.33
159,0.719479442,1
160,0.92860353,0.83
161,0.237552747,0.35
162,0.500070393,0.47
165,0.319868118,0.26
166,0.626771688,0.16
167,0.380705982,0.77
168,0.774433136,0.88
170,0.845960438,0.87
172,0.521281719,0.88
173,0.731996536,1
178,0.727118909,0.87
183,0.404313684,0.1
185,0.278365344,0.21
187,0.27279821,0.42
190,0.373895586,0.06
191,0.262747258,0.02
192,0.467365563,0.51
194,0.516637444,0.94
195,0.367805988,0.14
196,0.360372961,0.21
199,0.518925965,0.28
203,0.472638547,0.33
204,0.345100909,0.18
206,0.43936345,0.26
207,0.601633906,0.35
208,0.592092514,0.72
210,0.403370678,0.14
211,0.344112158,0.47
212,0.17667909,0.14
213,0.561940789,0.1
214,0.680530369,0.81
215,0.346258104,0.09
219,0.259560943,0.02
220,0.628733218,0.33
221,0.21686013,0.06
222,0.339723676,0.31
223,0.819667459,0.83
225,0.678894579,0.74
226,0.204209134,0.45
228,0.310473561,0.15
229,0.517306685,0.34
230,0.399491429,0.93
231,0.392417103,0.1
233,0.48749131,0.11
234,0.403398454,0.47
235,0.703301787,0.52
236,0.234924212,0.42
238,0.40702194,0.05
240,0.519659042,0.08
241,0.31672132,0.17
242,0.738240898,0.75
246,0.302998513,0.06
247,0.678502202,0.71
248,0.924998701,0.92
249,0.315511972,0.06
250,0.452918559,0.37
251,0.319149107,0.39
254,0.155568615,0.1
255,0.557133615,0.39
256,0.490310192,0.07
259,0.31569472,0.1
261,0.69978404,0.92
264,0.552101254,0.44
266,0.588276088,1
268,0.842192829,0.91
269,0.799247086,1
270,0.854001105,1
271,0.83326441,1
272,0.748926163,0.8
273,0.492661595,0.09
274,0.330060244,0.12
275,0.221287683,0.13
277,0.389557213,0.14
279,0.38709262,0.17
280,0.459246725,0.41
281,0.310759753,0.36
282,0.792500377,1
283,0.308908492,0
284,0.679577708,0.88
285,0.819801152,1
286,0.398191869,0.36
287,0.899202049,0.97
290,0.685600638,0.05
291,0.355840445,0.22
292,0.769563854,0.85
293,0.651894271,0.56
296,0.347819209,0.19
298,0.876406789,0.88
299,0.795094192,0.7
300,0.486418337,0.82
301,0.573690474,0.53
303,0.208008781,0.07
305,0.577142715,0.17
306,0.174050555,0.07
307,0.732178092,0.41
308,0.426177979,0.24
309,0.406966716,0.94
310,0.947874308,1
311,0.234444454,0.09
312,0.440697998,0.61
313,0.629904389,0.2
314,0.848842144,0.99
316,0.599264503,0.65
317,0.65264833,0.52
318,0.630508125,0.78
322,0.582599103,0.84
323,0.615535557,1
325,0.351539016,0.16
326,0.336664408,0.34
329,0.67446059,0.77
331,0.310633868,0.43
332,0.890833139,0.81
333,0.39918983,0.21
334,0.431150347,0.56
335,0.562506378,0.66
336,0.219555706,0.12
339,0.21658434,0.27
340,0.666668653,0.75
341,0.82668066,1
342,0.348311782,0.41
343,0.26705721,0.76
344,0.664264262,0.49
345,0.37308532,0.23
347,0.338430732,0.07
348,0.237223953,0.03
349,0.822275043,0.96
350,0.494562745,0.2
351,0.340207577,0.05
352,0.48820892,0.23
354,0.692335844,1
355,0.763619423,0.74
356,0.458580405,0.25
358,0.380298376,0.57
359,0.189023972,0.1
361,0.242847964,0.42
362,0.767554045,1
363,0.463489324,0.21
365,0.552532971,0.4
366,0.229449704,0.05
367,0.772418261,0.44
368,0.625450909,0.83
369,0.359410048,0.28
370,0.330045015,0.17
375,0.204530269,0.07
376,0.219736621,0.12
377,0.581197381,0.49
378,0.457658619,0.65
379,0.753986418,0.98
380,0.68512553,0.76
381,0.506146908,0.27
382,0.329684705,0.15
383,0.443992883,0.33
384,0.693570435,0.4
385,0.383554488,0.04
386,0.230389223,0.25
389,0.26738587,0.07
390,0.243216246,0.16
391,0.724679053,0.79
392,0.237157822,0.28
393,0.404593617,0.56
395,0.849850655,0.87
396,0.795967102,0.7
397,0.260197252,0.09
398,0.590190351,0.52
399,0.763803482,0.78
401,0.430582047,0.11
402,0.309473515,0.1
403,0.240203455,0.21
404,0.531279445,0.34
405,0.423756629,0.18
406,0.592292249,0.3
407,0.480289847,0.57
408,0.459341586,0.44
410,0.67266494,0.66
411,0.68605876,0.63
412,0.619395137,0.8
413,0.351559311,0.16
416,0.300117075,0.19
419,0.906785667,0.9
420,0.488923669,0.76
423,0.910553813,0.95
424,0.417018235,0.32
425,0.330524772,0.06
426,0.457853168,0.37
428,0.846327126,0.79
431,0.140573815,0.07
432,0.140573815,0.04
433,0.245442212,0.09
434,0.185973853,0.2
435,0.268441379,0.18
436,0.52666688,0.09
439,0.91871649,1
442,0.708173573,0.17
445,0.721807063,0.89
446,0.278217912,0.35
448,0.419801325,0.93
449,0.855250239,0.96
450,0.344581723,0.27
452,0.454161495,0.64
453,0.345450282,0.49
454,0.326170355,0.12
455,0.5302549,0.74
456,0.759768426,0.81
457,0.82678771,0.43
459,0.186046258,0.03
460,0.783716917,0.97
461,0.950349748,1
462,0.802505434,0.62
463,0.31428504,0.58
466,0.333500355,0.38
467,0.458737195,0.79
473,0.874064982,1
474,0.953506291,0.99
475,0.870334685,1
476,0.570793092,0.33
477,0.700639307,0.13
478,0.626872063,0.73
480,0.700730681,0.78
481,0.312060922,0.23
482,0.37134409,0.18
483,0.295390218,0.08
484,0.13025552,0.1
485,0.359621972,0.29
489,0.920258403,0.58
490,0.556670785,0.16
491,0.813098967,0.23
492,0.273161709,0.23
495,0.476609409,0.19
496,0.259916991,0.07
497,0.313313454,0.11
498,0.462451994,0.93
499,0.488912046,0.53
500,0.45656994,0.19
501,0.274077564,0.11
502,0.30561763,0.22
504,0.322339773,0.44
505,0.358175933,0.1
507,0.293385118,0.07
508,0.758842528,1
509,0.667227268,0.68
510,0.762077689,0.7
511,0.191670448,0.38
512,0.327278942,0.04
513,0.347776949,0.27
516,0.813435674,0.24
518,0.556486428,0.2
520,0.612321615,1
521,0.854050279,1
522,0.745016456,1
523,0.662963271,0.8
524,0.500760674,0.61
525,0.429555535,0.1
527,0.56227082,1
528,0.563138723,0.29
530,0.166095078,0.2
531,0.521702707,0.06
532,0.625308871,0.85
533,0.60776931,0.7
534,0.389594704,0.12
537,0.24171637,0.22
538,0.60550195,0.59
539,0.179877743,0.03
542,0.610032201,0.22
544,0.335578769,0.05
545,0.766754329,1
546,0.808612287,0.87
547,0.920980394,0.84
548,0.212734669,0.67
549,0.480654329,0.27
553,0.329686195,0.32
554,0.457173407,0.97
555,0.575847924,0.63
556,0.718679607,0.83
557,0.296710908,0.05
558,0.619570076,0.08
559,0.380946249,0.11
560,0.878399134,1
561,0.321666121,0.12
564,0.213863358,0.22
566,0.820929706,0.62
567,0.815613031,0.44
568,0.280708373,0.14
569,0.265764356,0.07
570,0.546753824,0.41
571,0.502898037,0.43
574,0.398320466,0.39
577,0.400705963,0.78
578,0.376955837,0.65
579,0.64547962,0.52
582,0.224215582,0.1
583,0.169454783,0.04
584,0.184661359,0.1
585,0.674937308,0.73
586,0.575366259,0.52
587,0.435893208,0.22
588,0.585074186,0.16
590,0.495675802,0.29
591,0.256025493,0.09
592,0.750996709,0.6
593,0.562007964,0.46
594,0.379228204,0.77
595,0.348627329,0.12
596,0.76005137,0.84
597,0.73223561,0.62
598,0.384616256,0.11
599,0.23837015,0.33
600,0.246216908,0.16
601,0.786357641,0.73
603,0.869013011,0.77
604,0.479599744,0.27
608,0.250900626,0.07
611,0.311705947,0.2
612,0.37297681,0.46
614,0.245730951,0.03
615,0.314950287,0.21
616,0.634966791,0.45
617,0.267590612,0.17
619,0.519273102,0.61
621,0.222900331,0.08
622,0.13816601,0.1
623,0.675237834,1
624,0.740579784,0.37
625,0.726732373,0.71
626,0.368531346,0.92
627,0.652340174,0.28
628,0.313537836,0.23
629,0.693820655,0.28
630,0.663576365,0.51
631,0.308616072,0.15
632,0.698671758,0.96
633,0.626697361,0.95
634,0.350952715,0.31
635,0.400585413,0.89
636,0.419938624,0.27
638,0.404446542,0.61
639,0.696926355,0.24
640,0.681373775,0.86
641,0.663316488,0.23
642,0.192262605,0.12
643,0.422267109,0.31
644,0.245833099,0.06
645,0.7430076,1
647,0.311914325,0.25
648,0.317833245,0.76
649,0.532191455,0.86
650,0.322392017,0.64
652,0.455321282,0.18
654,0.37975806,0.32
655,0.344154686,1
656,0.398262352,0.24
657,0.147934064,0.07
658,0.513420761,0.76
661,0.203734607,0.07
662,0.289691269,0.32
663,0.617003083,0.41
664,0.501943886,0.47
665,0.415647507,0.19
666,0.540205479,0.13
667,0.537697852,0.38
668,0.33855775,0.35
669,0.222943276,0.22
670,0.561726153,0.82
672,0.795151472,0.92
673,0.334497362,0.11
674,0.449318111,0.61
675,0.44711715,0.33
676,0.735441029,1
677,0.679656446,0.6
678,0.755028605,1
680,0.86721462,0.81
681,0.41519767,0.38
682,0.338293284,0.09
683,0.612770319,0.74
684,0.88179338,1
690,0.695237637,0.42
691,0.292902321,0.37
692,0.352444232,0.1
693,0.720480084,1
695,0.307861835,0.13
696,0.387399048,0.13
697,0.590394974,0.78
698,0.531912982,0.43
699,0.229975685,0.09
701,0.781434715,0.36
704,0.644391656,0.77
706,0.27571702,0.1
707,0.396551818,0.17
708,0.835101843,0.38
709,0.5923087,0.47
711,0.579280972,0.8
712,0.854852438,0.43
713,0.505076587,0.34
714,0.441929102,0.21
716,0.252929449,0.18
717,0.317818433,0.15
718,0.304066807,0.07
719,0.437230945,0.31
720,0.733465493,1
721,0.804145992,0.9
722,0.4106749,0.44
723,0.397073418,0.3
724,0.459679365,0.15
725,0.35145396,0.2
726,0.860402107,0.67
727,0.832329154,0.69
729,0.821561575,0.82
730,0.266378254,0.22
731,0.564446032,0.24
732,0.576461136,0.32
733,0.266732037,0.04
734,0.96704936,0.91
735,0.299322098,0.12
736,0.853949606,0.69
738,0.567574501,0.71
740,0.668453634,0.34
741,0.385275364,0.19
742,0.423899561,0.64
743,0.457596719,0.39
744,0.664885104,0.63
745,0.646172345,0.5
747,0.196660116,0.08
748,0.205993712,0.06
749,0.233342171,0.09
750,0.593740046,0.6
753,0.309623241,0.04
755,0.310206085,0.1
757,0.237025738,0.18
759,0.246734709,0.13
760,0.724227786,0.91
761,0.250865191,0.15
762,0.4224751,0.37
763,0.36912325,0.44
764,0.266113192,0.18
767,0.388726085,0.24
768,0.227870911,0.18
770,0.232993275,0.11
772,0.504669249,0.77
773,0.397964805,0.52
776,0.593317211,0.55
778,0.931941152,1
779,0.523044586,0.73
780,0.317532033,0.01
781,0.257619172,0.67
783,0.235353485,0.3
784,0.386696756,0.46
785,0.37913841,0.41
786,0.544358611,0.51
787,0.342792332,0.68
788,0.31217885,0.17
789,0.26495713,0.13
790,0.52102536,0.97
792,0.829202473,0.28
794,0.345046699,0.03
796,0.239160776,0.11
798,0.231272429,0.03
801,0.306344539,0.1
802,0.279953957,0.29
803,0.218316928,0.03
805,0.366213113,0.8
806,0.522387147,0.43
807,0.320530742,0.31
809,0.248189509,0.33
810,0.196640655,0.14
811,0.301395416,0.33
812,0.304274529,0.2
813,0.615413666,0.44
814,0.521761179,0.7
815,0.22734952,0.09
816,0.259405911,0.44
818,0.27516669,0.23
823,0.329539746,0.34
824,0.314023495,0.61
825,0.279121697,0.13
826,0.349690825,0.09
827,0.536248088,0.62
828,0.525206566,0.57
830,0.293182731,0.43
831,0.477074653,0.37
832,0.376360297,0.46
833,0.140747055,0.06
834,0.555910051,0.52
835,0.237677991,0.23
836,0.44894591,0.14
837,0.344211638,0.52
838,0.498588026,0.37
840,0.193769068,0.13
843,0.488724142,0.24
844,0.271165282,0.05
845,0.341772944,0.74
846,0.534214616,0.89
847,0.311010152,0.17
848,0.457424551,0.55
851,0.49574849,0.7
852,0.510864317,0.73
854,0.486321419,1
857,0.613983095,0.63
858,0.467775255,0.15
859,0.659486234,0.92
860,0.616956651,0.08
861,0.307680309,0.38
862,0.171881989,0.03
863,0.507722557,0.12
864,0.312252879,0.36
865,0.453416646,0.63
866,0.358256936,0.3
869,0.762464881,0.78
871,0.290974915,0.2
872,0.497840524,0.74
874,0.749062598,0.96
876,0.432998419,0.18
877,0.565073192,0.2
879,0.391551077,0.03
881,0.309967458,0.03
882,0.71260041,0.74
883,0.740393043,0.75
884,0.804185212,0.63
886,0.498476028,0.13
887,0.426624149,0.79
888,0.359884113,0.18
889,0.475655645,0.18
891,0.560433686,0.42
893,0.450689226,0.66
894,0.434885144,0.09
895,0.298481077,0.08
896,0.387833387,0.09
897,0.365217954,0.22
898,0.183309779,0.09
899,0.4902637,0.15
901,0.396788299,0.42
902,0.439259827,0.37
903,0.768250704,0.67
904,0.509513497,0.09
905,0.22486493,0.13
906,0.668988407,0.85
907,0.339602351,0.47
909,0.526313365,0.32
910,0.196053088,0.15
912,0.547229588,0.49
913,0.534442604,0.31
915,0.371460497,0.82
916,0.328919888,0.13
917,0.203863263,0.35
919,0.521845281,0.1
920,0.602411151,0.72
921,0.513970256,0.11
923,0.358030051,0.07
924,0.437682688,0.18
925,0.524737,0.53
926,0.335225642,0.12
927,0.395957023,0.16
928,0.464753628,0.19
929,0.304994285,0.57
930,0.286841244,0.25
931,0.468083829,0.16
932,0.28308779,0.26
933,0.411080778,0.2
934,0.657912791,0.65
935,0.548563182,0.24
936,0.434368044,0.14
939,0.418141276,0.21
942,0.26658693,0.07
944,0.478212148,0.04
945,0.403801829,0.17
947,0.453337699,0.8
948,0.511295199,0.56
950,0.257935852,0.12
951,0.734524131,0.95
954,0.353736281,0.18
956,0.259986997,0.54
959,0.644803584,0.26
960,0.183612406,0.04
961,0.253021061,0.11
963,0.450360954,0.15
964,0.527329087,0.63
966,0.599031389,0.82
967,0.308853984,0.27
968,0.803156495,1
969,0.766010821,1
970,0.442480385,0.23
972,0.333816826,0.37
973,0.522539258,0.43
974,0.587804139,0.34
975,0.41127643,0.16
976,0.426906914,0.44
977,0.395826638,0.12
979,0.251956016,0.12
980,0.214940622,0.09
981,0.403884023,0.24
983,0.382386178,0.11
984,0.313621879,0.54
985,0.474323094,0.12
986,0.311314553,0.29
987,0.549648702,0.7
988,0.512809992,0.41
990,0.439804256,0.05
993,0.428163737,0.1
994,0.665245473,0.63
995,0.663127005,0.77
996,0.448845208,0.38
997,0.742170095,0.73
998,0.24930267,0.16
999,0.278098911,0.4
1000,0.455232143,0.11
1001,0.516099513,1
1002,0.596737206,0.71
1004,0.496310115,0.82
1005,0.575659037,0.71
1006,0.441060692,0.11
1007,0.855069041,0.94
1008,0.316689342,0.49
1009,0.445761442,0.47
1010,0.535992324,0.67
1013,0.317580998,0.34
1015,0.503675997,0.31
1016,0.374614149,0.04
1017,0.603973091,0.45
1019,0.391992062,0.3
1020,0.488707066,0.38
1021,0.836854041,0.87
1022,0.513064086,0.1
1024,0.525417805,0.94
1025,0.71955204,0.69
1026,0.584180176,0.81
1027,0.367331624,0.13
1028,0.473873854,0.58
1029,0.319500804,0.43
1030,0.242107704,0.13
1031,0.396235943,0.07
1032,0.165732577,0.04
1033,0.303867579,0.37
1034,0.498167694,0.52
1035,0.195547029,0.1
1036,0.224477127,0.33
1037,0.433110327,0.13
1039,0.73140198,0.91
1041,0.483264476,0.08
1043,0.445598871,0.9
1044,0.449690819,0.32
1046,0.462935597,0.06
1048,0.382094353,0.22
1049,0.240352526,0.04
1050,0.614522934,0.48
1051,0.405887157,0.1
1052,0.522106588,0.04
1053,0.286606759,0.09
1054,0.361271411,0.44
1055,0.42007792,0.08
1056,0.548153996,0.38
1057,0.271290064,0.31
1058,0.448393106,0.75
1059,0.455411941,0.54
1060,0.428278387,0.07
1062,0.598274171,0.66
1063,0.794157982,0.84
1064,0.368582487,0.05
1065,0.252438903,0.12
1067,0.775941014,1
1069,0.382614374,0.25
1071,0.885912955,1
1072,0.757807791,0.8
1073,0.497105539,0.93
1075,0.807228982,0.88
1076,0.630621612,0.97
1078,0.740310788,0.24
1079,0.644094586,0.73
1080,0.565755904,0.26
1082,0.880837202,0.87
1083,0.249752402,0.19
1085,0.885504305,1
1087,0.70321542,0.21
1089,0.410727948,0.26
1090,0.720049441,1
1092,0.581141353,0.4
1093,0.418753684,0.36
1094,0.82319361,0.95
1095,0.614774942,0.7
1096,0.695864677,0.24
1097,0.784615636,0.63
1098,0.376734376,0.16
1099,0.270545512,0.86
1100,0.34816134,0.16
1105,0.581467986,0.09
1106,0.597913861,1
1108,0.667830765,0.81
1109,0.816520631,1
1111,0.906958818,1
1112,0.85845232,1
1113,0.362490565,0.32
1114,0.834892631,0.86
1117,0.402750134,0.43
1119,0.949192047,1
1120,0.556951463,0.86
1121,0.480643183,0.59
1122,0.790181339,0.52
1124,0.434605032,0.6
1125,0.7536937,1
1126,0.740356386,0.51
1128,0.311103195,0.08
1129,0.209482342,0.11
1130,0.716638327,0.49
1131,0.789194584,0.68
1132,0.863695145,1
1133,0.420196235,0.44
1134,0.617115855,0.55
1135,0.651726663,1
1136,0.467491627,0.11
1139,0.641120255,0.93
1140,0.750046134,0.61
1141,0.296910912,0.14
1142,0.570808947,0.2
1143,0.747107029,1
1144,0.467634648,0.7
1145,0.283202201,0.37
1149,0.582060099,0.77
1150,0.766462147,0.45
1151,0.494613826,0.61
1152,0.18761766,0.12
1153,0.698089123,1
1154,0.336431414,0.24
1155,0.205255046,0.32
1157,0.62882489,0.5
1159,0.4804461,0.44
1160,0.618724346,0.46
1162,0.280593634,0.09
1163,0.727619946,0.54
1164,0.588324785,0.57
1165,0.378473848,0.82
1167,0.869377255,0.91
1168,0.334280461,0.06
1169,0.703819633,0.81
1170,0.452136219,0.35
1171,0.251041174,0.18
1172,0.179332897,0.15
1173,0.422744215,0.46
1175,0.286883354,0.62
1176,0.582417786,0.67
1177,0.526604295,0.79
1178,0.458514452,0.34
1179,0.520885229,0.78
1180,0.163817763,0.32
1181,0.367434531,0.48
1182,0.170407832,0.04
1183,0.155050129,0.04
1184,0.166057721,0.94
1185,0.36863938,0.37
1186,0.853383482,0.98
1187,0.598769963,0.15
1190,0.587640762,0.72
1191,0.37146467,0.19
1193,0.432543397,0.4
1195,0.591282606,0.39
1196,0.639880776,0.89
1197,0.28298986,0.35
1198,0.643289328,0.29
1199,0.501388609,0.13
1200,0.342773885,0.2
1201,0.692415237,0.85
1204,0.552758574,0.68
1206,0.524540365,0.43
1207,0.252876967,0.04
1208,0.741190076,0.57
1209,0.743828893,0.77
1212,0.364740849,0.27
1213,0.336412936,0.11
1214,0.769408762,0.65
1215,0.561603189,0.78
1216,0.410569578,0.07
1217,0.761728466,0.91
1218,0.408922166,0.25
1220,0.583707452,0.92
1222,0.805906534,0.69
1223,0.853769243,0.97
1224,0.354643017,0.21
1226,0.212204352,0.09
1227,0.848383546,0.99
1228,0.502635181,0.16
1229,0.750295281,0.84
1230,0.299160779,0.41
1232,0.259350926,0.16
1233,0.359343916,0.11
1234,0.28303647,0.37
1235,0.302005291,0.14
1236,0.306451797,0.16
1238,0.54474771,0.24
1239,0.59687227,0.96
1242,0.629520595,0.04
1245,0.535420895,0.13
1247,0.683210433,0.81
1248,0.374652654,0.17
1253,0.409914076,0.37
1254,0.530407667,0.66
1255,0.253178477,0.08
1258,0.2780056,0.12
1260,0.668359458,0.78
1261,0.496096462,0.27
1262,0.378528506,0.16
1263,0.786872149,0.94
1264,0.502439499,0.18
1265,0.831876874,0.77
1267,0.369738936,0.33
1269,0.826787531,1
1270,0.208330929,0.11
1271,0.84568423,0.81
1272,0.626138985,0.33
1273,0.28786695,0.19
1274,0.529617071,0.03
1275,0.641292453,0.45
1277,0.795515716,0.75
1280,0.627735734,0.75
1281,0.708943963,0.37
1282,0.225914434,0.05
1283,0.86038214,0.96
1284,0.418789536,0.23
1289,0.342599243,0.04
1290,0.759014368,1
1291,0.590598643,0.18
1292,0.649052143,0.79
1293,0.659003496,1
1294,0.230799705,0.16
1295,0.694971979,0.87
1296,0.454840451,0.21
1297,0.527174592,0.11
1298,0.190284133,0.03
1299,0.784602106,0.62
1300,0.555615604,0.64
1302,0.785420477,0.44
1304,0.592086732,0.64
1305,0.753378391,0.58
1306,0.503418148,0.76
1307,0.439427644,0.19
1308,0.367895544,0.11
1309,0.431322217,0.3
1311,0.559764087,0.66
1312,0.267866939,0.2
1313,0.692324817,0.66
1314,0.519733965,0.53
1315,0.71836412,0.74
1316,0.710893393,0.76
1318,0.789942503,0.81
1319,0.850179732,0.94
1320,0.892680764,0.43
1321,0.637640476,0.84
1322,0.324400097,0.7
1323,0.779592276,0.71
1324,0.757372797,0.98
1325,0.793848574,1
1326,0.281391948,0.16
1327,0.358575165,0.1
1328,0.841298282,0.88
1329,0.7344715,0.96
1330,0.735122502,0.37
1333,0.57234931,0.78
1334,0.583750367,0.73
1335,0.823449314,1
1336,0.770498633,0.66
1337,0.213197693,0.16
1339,0.274023443,0.25
1340,0.960674644,1
1341,0.65088135,0.92
1342,0.477654845,0.65
1343,0.712703705,1
1344,0.822910488,0.8
1346,0.351654977,0.36
1347,0.910346508,1
1348,0.628283978,0.3
1350,0.481952459,0.63
1352,0.417276919,0.3
1353,0.830371737,1
1354,0.792085767,1
1356,0.897463083,1
1357,0.681625783,0.25
1361,0.917249262,1
1362,0.8917377,0.9
1363,0.905940235,0.77
1364,0.735462666,0.94
1367,0.703301132,0.51
1368,0.728995681,0.86
1369,0.926950395,0.72
1370,0.639333963,0.38
1371,0.945586503,1
1372,0.160551146,0.14
1373,0.337355733,0.36
1375,0.859683812,1
1378,0.488189995,0.44
1379,0.292925477,0.05
1380,0.735283673,0.81
1381,0.450298548,0.12
1382,0.737099648,1
1383,0.84890306,1
1384,0.798408628,0.48
1386,0.748077214,1
1387,0.690358162,0.21
1388,0.912419796,0.94
1389,0.924507976,0.93
1390,0.85785079,0.86
1391,0.82684809,0.75
1394,0.570180655,0.49
1395,0.793204606,0.79
1397,0.267854959,0.24
1398,0.541535556,0.53
1399,0.87789768,0.9
1401,0.862870157,0.91
1402,0.915992498,1
1403,0.820303798,0.58
1404,0.757018328,1
1405,0.862330317,0.86
1408,0.801141858,0.84
1409,0.698351741,1
1411,0.529856622,1
1412,0.799166203,1
1413,0.76997143,1
1414,0.907158196,1
1415,0.828515947,0.98
1416,0.798516691,0.99
1417,0.898981452,0.9
1418,0.710938513,0.97
1419,0.427119285,0.42
1420,0.898316622,1
1423,0.917162716,0.77
1424,0.920240223,0.94
1426,0.710417867,0.7
1429,0.812185943,0.36
1430,0.8577649,0.96
1431,0.962507606,1
1432,0.781398535,0.53
1433,0.2227889,0.5
1435,0.317786008,0.68
1438,0.761762023,0.84
1439,0.930460155,1
1440,0.334746182,0.15
1441,0.808576703,0.76
1442,0.913575947,1
1443,0.774513602,0.69
1445,0.892398834,1
1448,0.721162856,0.62
1449,0.683161736,0.9
1452,0.532745242,0.15
1453,0.222588137,0.31
1454,0.479477853,0.78
1455,0.93409735,0.66
1456,0.38112691,0.66
1458,0.7293576,0.83
1460,0.881804585,1
1462,0.576026857,0.25
1463,0.905812204,0.79
1464,0.724013984,0.91
1467,0.6644485,0.74
1469,0.280443996,0.17
1470,0.787553728,1
1471,0.560732901,1
1472,0.314039826,0.44
1473,0.345577002,0.48
1474,0.698492944,1
1475,0.495425731,0.54
1478,0.197126895,0.17
1479,0.217615381,0.1
1480,0.427529961,0.31
1481,0.295476526,0.24
1482,0.494909197,0.49
1484,0.331670463,0.63
1485,0.295747161,0.18
1486,0.283815324,0.39
1487,0.49063924,0.81
1488,0.216497779,0.06
1489,0.258457929,0.08
1491,0.342261523,0.46
1493,0.257541835,0.74
1494,0.314801246,0.42
1496,0.270706743,0.56
1497,0.31334275,0.66
1498,0.203917325,0.06
1499,0.246741876,0.09
1500,0.246624097,0.07
1501,0.262668371,0.12
1502,0.349651307,0.37
1503,0.259301037,0.22
1504,0.266805887,0.03
1505,0.396995097,0.49
1506,0.416408509,0.18
1507,0.304672509,0.57
1508,0.24654384,0.22
1510,0.340658933,0.17
1511,0.313398093,0.5
1512,0.22982654,0.12
1514,0.399227828,0.79
1515,0.514802337,0.47
1516,0.231979325,0.07
1518,0.272369355,0.26
1519,0.457018524,0.18
1520,0.23556979,0.18
1521,0.219424605,0.27
1523,0.317883551,0.9
1524,0.286626309,0.06
1525,0.201930076,0.03
1526,0.258769959,0.04
1527,0.675167799,0.49
1528,0.369784802,0.54
1529,0.426478118,0.16
1530,0.273591459,0.52
1531,0.273676246,0.16
1534,0.810103893,0.9
1535,0.4483504,0.11
1536,0.361679316,0.21
1537,0.204845935,0.07
1538,0.249123052,0.07
1539,0.266234547,0.08
1541,0.668305159,0.49
1542,0.661459684,0.66
1543,0.606922448,1
1544,0.487423778,0.05
1545,0.279768407,0.2
1546,0.419956565,0.13
1547,0.626593113,0.17
1549,0.2025107,0.17
1550,0.36830321,0.07
1551,0.28844586,0.1
1552,0.219979122,0.1
1553,0.42003125,0.38
1554,0.575322151,0.24
1555,0.55171603,0.77
1556,0.318951994,0.36
1557,0.22637473,0.15
1559,0.287542492,0.18
1561,0.496417224,0.17
1563,0.537242413,0.48
1564,0.522681355,0.52
1565,0.221653789,0.06
1567,0.486158133,0.29
1570,0.503307045,0.34
1571,0.498139054,1
1573,0.683240712,0.93
1574,0.257596374,0.31
1575,0.306470305,0.17
1576,0.540626347,0.48
1577,0.327114642,0.05
1578,0.503625631,0.3
1582,0.359033793,0.08
1583,0.287703127,0.09
1584,0.443243384,0.1
1585,0.652475357,0.23
1586,0.402142614,0.65
1588,0.899048209,0.75
1589,0.407298833,0.1
1591,0.773653567,0.98
1594,0.739073813,0.91
1595,0.384456336,0.31
1596,0.221142098,0.77
1598,0.184743434,0.02
1599,0.364737123,0.41
1600,0.278140932,0.32
1602,0.377176791,0.39
1603,0.506164432,0.09
1604,0.624410093,0.46
1605,0.726231098,0.39
1606,0.247083232,0.25
1607,0.393997133,0.14
1608,0.302305043,0.52
1609,0.258599669,0.13
1610,0.292257041,0.14
1611,0.20868586,0.31
1612,0.628062308,0.41
1613,0.323820204,0.5
1614,0.527751625,0.29
1616,0.265764117,0.18
1618,0.400640965,0.21
1619,0.358633369,1
1620,0.514892161,0.85
1625,0.642189145,0.58
1627,0.341674298,0.01
1628,0.660783291,0.38
1630,0.235956907,0.08
1631,0.156135157,0.12
1632,0.398229867,0.67
1634,0.285113215,0.37
1635,0.526594698,0.82
1637,0.315175146,0.77
1639,0.36311397,0.8
1640,0.51222837,0.87
1641,0.24578619,0.12
1642,0.673213422,0.96
1644,0.385316193,0.14
1645,0.635381401,0.62
1646,0.37370044,0.05
1647,0.353847414,0.13
1648,0.412140101,0.33
1649,0.265481085,0.09
1650,0.690601528,0.76
1651,0.415273398,0.82
1652,0.592941165,0.18
1653,0.587008953,0.62
1654,0.533015907,0.2
1655,0.517603636,0.87
1656,0.208167225,0.26
1657,0.706571519,0.93
1658,0.436675191,0.59
1659,0.506212234,0.6
1660,0.409813404,0.37
1661,0.203431726,0.12
1662,0.46560356,0.14
1663,0.339013755,0.41
1664,0.285496682,0.07
1665,0.151976049,0.38
1666,0.733247876,0.64
1667,0.5714975,0.87
1668,0.491795778,0.43
1669,0.229529366,0.19
1671,0.592958629,0.46
1673,0.712469995,0.69
1674,0.609513998,0.81
1676,0.364605337,0.44
1677,0.416832358,0.72
1678,0.705582082,0.63
1679,0.649113894,1
1681,0.346964151,0.19
1682,0.37207368,0.22
1683,0.216336608,0.08
1684,0.528312743,0.47
1685,0.162481174,0.15
1686,0.506988406,0.6
1687,0.540940404,0.77
1688,0.559580207,0.32
1691,0.589849293,0.52
1693,0.7776407,0.88
1694,0.271816105,0.27
1695,0.376890272,0.52
1696,0.44979161,0.3
1697,0.564127743,0.39
1698,0.34907794,0.42
1699,0.531101823,0.24
1700,0.194088399,0.07
1701,0.337392747,0.28
1702,0.397576571,0.29
1703,0.291764349,0.21
1704,0.515647769,0.52
1705,0.506866336,0.49
1706,0.503052771,0.26
1707,0.371049702,0.17
1708,0.217210039,0.2
1710,0.837903857,1
1711,0.335642219,0.15
1713,0.259135962,0.04
1714,0.54824549,0.9
1715,0.746273041,0.77
1716,0.455388129,0.39
1719,0.66284132,0.33
1720,0.410875678,0.58
1722,0.404509574,0.37
1723,0.431469083,0.67
1724,0.177907169,0.07
1725,0.655424237,0.47
1726,0.346994579,0.2
1728,0.458981365,0.75
1730,0.206814095,0.24
1734,0.654125869,0.82
1736,0.4921031,1
1737,0.213110611,0.49
1738,0.215546325,0.15
1739,0.478389621,0.75
1740,0.454873055,0.61
1742,0.303087264,0.07
1744,0.851260781,1
1747,0.673207939,0.48
1748,0.607513189,0.77
1749,0.344362855,0.19
1750,0.385978431,0.09
1752,0.706287026,0.49
1753,0.236130819,0.32
1754,0.438535929,0.24
1755,0.281566232,0.08
1756,0.61439842,0.39
1759,0.661209762,0.92
1760,0.22719425,0.22
1762,0.273196131,0.08
1763,0.337816626,0.22
1764,0.677396297,0.7
1765,0.899432361,0.56
1766,0.63949734,0.77
1767,0.408428729,0.79
1768,0.5531317,0.84
1770,0.288436234,0.15
1771,0.579921544,0.99
1772,0.387841702,0.31
1773,0.489064693,0.57
1774,0.327700227,0.54
1776,0.614120841,1
1777,0.331346124,0.24
1778,0.644419253,0.72
1779,0.336259872,0.49
1780,0.520559967,0.62
1783,0.652661741,0.25
1785,0.624736071,0.14
1787,0.617098689,0.8
1788,0.659469604,0.94
1789,0.452261984,1
1790,0.172291666,0.15
1791,0.758213699,0.72
1792,0.293473333,0.83
1793,0.216962621,0.16
1796,0.324669749,0.42
1797,0.334424943,0.11
1800,0.50901264,0.14
1801,0.699507535,0.62
1802,0.427242607,0.24
1804,0.204531148,0.36
1805,0.863848746,0.78
1806,0.595991433,0.69
1807,0.192707285,0.04
1808,0.350155979,0.47
1809,0.471500874,0.14
1810,0.215481922,0.06
1811,0.408666044,0.2
1814,0.303239971,0.18
1815,0.640936553,0.66
1817,0.584900498,0.54
1818,0.450624436,0.26
1819,0.716743827,1
1820,0.254923642,0.26
1821,0.584150314,0.79
1825,0.364875019,0.38
1826,0.732266724,0.78
1827,0.485450268,0.5
1828,0.34446162,0.11
1830,0.568001151,0.36
1831,0.706035316,0.41
1832,0.464286298,0.42
1834,0.701186955,0.72
1836,0.59713769,0.78
1837,0.828944445,0.68
1838,0.771312058,0.68
1839,0.340403914,0.39
1840,0.914641619,0.19
1841,0.324358284,0.17
1842,0.306686014,0.42
1843,0.565901399,0.67
1844,0.172094598,0.08
1845,0.203820348,0.22
1846,0.587722778,0.62
1847,0.4209916,0.38
1849,0.550982714,0.17
1850,0.53692472,0.48
1851,0.316405088,0.42
1853,0.375939608,0.5
1854,0.487171441,0.78
1855,0.746183515,0.98
1856,0.771577835,0.79
1858,0.257545024,0.12
1859,0.38428387,0.77
1860,0.663066328,1
1861,0.467739046,0.08
1863,0.830356956,0.5
1864,0.629000723,0.77
1866,0.369973779,0.33
1867,0.210051596,0.35
1868,0.249139071,0.06
1869,0.345969379,0.06
1870,0.275795817,0.2
1871,0.943569124,1
1872,0.435698867,0.11
1873,0.765906155,0.3
1874,0.669755518,0.52
1875,0.208201617,0.52
1876,0.230630174,1
1877,0.796093941,0.79
1878,0.478185594,0.25
1879,0.400111794,0.7
1880,0.616705954,0.2
1881,0.6021474,0.59
1882,0.581721008,0.37
1883,0.409776002,1
1885,0.783894777,0.2
1887,0.740254343,0.81
1888,0.680585325,1
1890,0.802856386,0.73
1892,0.874724507,0.5
1893,0.622980297,1
1894,0.658263683,0.75
1896,0.15960671,0.74
1898,0.72353518,0.98
1899,0.808903337,0.12
1901,0.824848115,1
1902,0.662003815,0.79
1903,0.66214627,0.87
1904,0.318182349,0.11
1905,0.741505623,0.06
1906,0.328050584,0.1
1907,0.479218572,0.39
1908,0.515416622,0.55
1909,0.29711768,0.08
1910,0.450970083,0.35
1911,0.623375177,0.92
1912,0.672140777,1
1914,0.734752953,1
1915,0.432302564,0.49
1916,0.3367109,0.12
1917,0.402374357,0.14
1918,0.571370244,0.37
1919,0.501257718,0.11
1920,0.439015687,0.22
1921,0.288769454,0.22
1922,0.654446244,0.75
1923,0.503885269,0.3
1924,0.843926728,1
1927,0.515874684,0.35
1929,0.254048616,0.3
1930,0.55018121,0.37
1931,0.373386264,0.07
1932,0.370438695,0.28
1934,0.667978346,1
1935,0.773948789,1
1938,0.83254844,1
1940,0.746047676,0.5
1941,0.627017438,1
1943,0.624435127,0.42
1945,0.696711719,0.22
1946,0.649561763,0.63
1947,0.487539738,0.57
1948,0.640676618,0.15
1949,0.64693284,0.15
1950,0.67210573,0.41
1951,0.53910768,0.67
1952,0.759816706,0.84
1955,0.444999069,0.08
1956,0.517039657,0.5
1957,0.624239862,0.12
1958,0.531837821,0.62
1959,0.744856238,0.52
1960,0.487988025,0.25
1961,0.398218811,0.11
1962,0.659878016,0.63
1963,0.872847676,0.89
1965,0.808978021,0.59
1967,0.558404863,0.54
1968,0.531774819,0.36
1969,0.230126902,0.1
1970,0.633244455,0.69
1972,0.480282933,0.06
1973,0.177638605,0.11
1974,0.646404147,0.63
1975,0.751688242,1
1976,0.295181781,0.17
1977,0.376808643,0.12
1978,0.302487373,0.71
1981,0.63611716,0.55
1982,0.614769816,0.68
1983,0.389979392,0.58
1984,0.407654136,0.17
1985,0.489414871,0.23
1986,0.655647278,0.31
1988,0.680167496,0.32
1989,0.746626079,0.82
1990,0.302615047,0.73
1991,0.914282024,0.91
1992,0.477626622,0.14
1994,0.644948542,0.09
1996,0.484989762,0.17
1997,0.516354978,0.56
1999,0.746471167,1
2001,0.209928825,0.42
2003,0.768075764,0.8
2004,0.510813534,0.77
2005,0.759515822,0.6
2006,0.494878024,0.91
2007,0.480409235,1
2009,0.777267456,0.85
2010,0.670006156,0.74
2011,0.218915865,0.05
2012,0.884013951,0.95
2013,0.774891794,0.8
2014,0.593583167,0.4
2015,0.324356794,0.18
2016,0.795130253,1
2017,0.406948477,0.2
2018,0.55788362,0.32
2019,0.442154497,0.36
2020,0.496168345,0.5
2021,0.548066199,0.49
2022,0.576280713,0.8
2024,0.279722989,0.15
2026,0.52743113,0.15
2029,0.345792502,0.29
2030,0.695931852,0.29
2032,0.664834678,1
2033,0.595960021,0.17
2034,0.537708163,0.6
2035,0.654653192,0.58
2036,0.181592718,0.28
2037,0.827750087,1
2038,0.820204854,0.92
2040,0.304021746,0.12
2041,0.406980783,0.13
2042,0.298733622,0.17
2044,0.764032125,0.4
2045,0.592568159,0.23
2046,0.535912812,0.19
2047,0.650064111,0.61
2048,0.601486087,0.4
2050,0.206558362,0.04
2051,0.526493609,0.19
2052,0.514923275,0.78
2053,0.603885889,0.84
2054,0.42695576,0.16
2055,0.680546403,0.91
2056,0.805166721,0.81
2059,0.765403271,0.7
2060,0.300165176,0.49
2061,0.858173728,0.92
2062,0.83073771,0.81
2063,0.706113815,0.66
2064,0.238438174,0.16
2065,0.757811248,0.83
2066,0.507344604,0.61
2067,0.305639356,0.37
2068,0.606937289,0.91
2070,0.911007166,0.86
2071,0.833813369,0.84
2072,0.781420469,0.66
2073,0.333822966,0.67
2074,0.943051994,1
2075,0.550067902,0.32
2076,0.565601051,0.57
2077,0.874164343,0.72
2078,0.283997953,0.77
2080,0.798282325,0.91
2081,0.845513642,1
2082,0.302969486,0.49
2083,0.442155033,0.39
2084,0.819523633,0.9
2085,0.923967421,0.88
2087,0.82077384,0.67
2088,0.520821333,0.37
2089,0.747142553,0.96
2090,0.2621108,0.59
2091,0.950911045,0.95
2094,0.511763275,0.43
2096,0.747627676,0.77
2097,0.375101447,0.41
2100,0.861426353,0.89
2101,0.833545864,0.9
2102,0.840981901,0.93
2103,0.664717793,0.87
2104,0.87952733,0.71
2105,0.774060547,0.79
2106,0.246478274,0.02
2107,0.8084355,0.65
2108,0.955298066,0.82
2109,0.89346844,1
2110,0.946090102,0.97
2111,0.921540201,1
2112,0.859009922,0.95
2113,0.93116641,1
2114,0.723939896,0.84
2115,0.299386382,0.27
2116,0.788057148,0.92
2117,0.913893342,0.98
2120,0.431823164,0.32
2121,0.624884009,0.81
2122,0.377775878,0.44
2124,0.405958116,0.34
2125,0.650072873,0.86
2126,0.732694805,0.77
2128,0.468431622,0.22
2129,0.655324697,0.69
2130,0.59821105,0.65
2131,0.684668958,0.68
2132,0.919683993,0.9
2136,0.878637075,1
2137,0.372222573,0.51
2138,0.938950062,1
2139,0.761850595,1
2140,0.652942598,0.97
2141,0.784512579,0.78
2142,0.867097139,0.31
2143,0.842256784,0.84
2144,0.546557724,0.26
2145,0.830571532,0.91
2148,0.866246641,0.87
2150,0.916647315,1
2151,0.73590523,0.81
2152,0.160767034,0.24
2154,0.205356151,0.11
2156,0.91647023,1
2157,0.723497272,1
2158,0.359831899,0.33
2159,0.80981797,1
2160,0.909113467,0.87
2161,0.859552085,0.98
2162,0.493636847,0.31
2163,0.84293884,0.97
2165,0.891513109,0.97
2167,0.867037773,1
2170,0.786070406,0.51
2171,0.906793237,1
2172,0.733230889,0.48
2173,0.713928699,0.28
2175,0.382696658,0.18
2178,0.345817238,0.3
2179,0.919753611,1
2180,0.506929278,0.55
2184,0.857134223,1
2185,0.881105125,1
2186,0.755340457,0.24
2187,0.848712564,0.85
2188,0.692931294,0.15
2189,0.243079409,0.15
2190,0.822874963,0.8
2191,0.258980364,0.31
2194,0.923752725,1
2195,0.521309435,0.55
2196,0.753908992,1
2197,0.188692406,0.07
2198,0.429498941,1
2199,0.680938601,0.65
2200,0.635486186,0.62
2201,0.213357657,0.06
2202,0.289948672,0.1
2203,0.254321307,0.05
2204,0.257780254,0.27
2205,0.527531862,0.91
2206,0.194291428,0.09
2208,0.14184244,0.09
2210,0.232763946,0.18
2211,0.56093961,0.27
2212,0.190096661,0.18
2213,0.416365355,0.94
2214,0.345795363,0.82
2215,0.441308349,0.77
2216,0.334301323,0.08
2217,0.230264232,0.32
2218,0.269691408,0.2
2219,0.422030866,0.33
2220,0.445117414,0.15
2221,0.402295351,0.76
2222,0.486458033,0.84
2223,0.307736367,0.69
2224,0.263569057,0.12
2227,0.237341732,0.05
2228,0.233092204,0.16
2229,0.361316085,0.45
2232,0.377732903,0.51
2233,0.40497154,0.6
2235,0.268838733,0.07
2239,0.349578679,0.35
2241,0.523810983,0.59
2242,0.231259733,0.07
2243,0.26147902,0.2
2244,0.697634637,0.37
2245,0.318390846,0.07
2246,0.464814514,0.49
2247,0.326314926,0.1
2248,0.507355571,0.86
2250,0.327792585,0.58
2251,0.177367494,0.27
2252,0.264403135,0.12
2253,0.328224212,0.07
2254,0.40809381,0.35
2256,0.544405282,0.04
2258,0.336435944,0.09
2259,0.479510814,0.91
2260,0.389885902,0.07
2261,0.495122671,0.26
2262,0.27070722,0.19
2264,0.243431598,0.47
2265,0.658516765,0.89
2266,0.279809743,0.31
2267,0.373344451,0.27
2268,0.382567286,0.1
2270,0.451660156,0.65
2272,0.322315574,0.04
2273,0.334628582,1
2274,0.382618845,0.62
2275,0.24837552,0.27
2277,0.324114174,0.35
2278,0.86870724,0.95
2279,0.383233964,0.51
2280,0.168981344,0.02
2282,0.316312015,0.09
2284,0.569351315,0.15
2287,0.200907692,0.11
2289,0.351348639,0.78
2290,0.354272991,0.09
2291,0.31020835,0.09
2292,0.818542778,0.99
2293,0.377603978,0.19
2294,0.609183908,0.61
2295,0.23548393,0.34
2296,0.807718873,0.94
2297,0.66927433,0.51
2299,0.372278243,0.62
2300,0.732156456,0.95
2301,0.562718868,0.3
2302,0.402090907,0.17
2303,0.431162953,0.31
2305,0.585175633,0.76
2307,0.493832588,0.76
2309,0.566847265,0.63
2310,0.571991205,0.65
2311,0.44716242,0.3
2313,0.530355155,0.51
2314,0.537270308,0.69
2315,0.253990084,0.76
2316,0.314612746,0.22
2319,0.211086631,0.18
2320,0.748858988,0.99
2321,0.259983033,0.12
2322,0.33381179,0.29
2323,0.337617606,0.55
2324,0.530426681,0.81
2325,0.276262105,0.15
2326,0.574264348,0.76
2327,0.320248187,0.33
2328,0.342638761,0.22
2330,0.152165711,0.14
2331,0.574790061,0.22
2332,0.304314703,0.48
2336,0.653538883,0.65
2337,0.224945232,0.14
2338,0.261468828,0.2
2339,0.537586987,0.64
2340,0.80496341,0.79
2341,0.884531558,0.96
2342,0.277205586,0.23
2343,0.203559861,0.04
2344,0.607371151,0.63
2345,0.159864977,0.07
2346,0.305470318,0.21
2347,0.387459219,0.67
2348,0.608014047,0.9
2350,0.550887167,0.21
2351,0.369685769,0.14
2352,0.530938148,0.83
2353,0.323863924,0.06
2354,0.255145639,0.24
2355,0.518988013,0.24
2356,0.410924762,0.19
2357,0.544251382,0.81
2358,0.28377533,0.1
2359,0.402297258,0.48
2362,0.396645635,0.37
2364,0.229617983,0.15
2365,0.430807054,0.31
2366,0.278137237,0.23
2368,0.226939261,0.24
2369,0.725350499,0.6
2370,0.22217232,0.04
2371,0.440554738,0.99
2372,0.696385741,1
2374,0.337383032,0.1
2375,0.462956876,0.5
2377,0.231394708,0.25
2378,0.485573471,0.35
2380,0.3497881,0.3
2381,0.447256118,0.33
2382,0.251226038,0.15
2384,0.159752235,0.19
2385,0.39517206,0.23
2386,0.224474072,0.35
2387,0.32938078,0.06
2388,0.503137946,0.16
2389,0.416277975,0.38
2390,0.517987728,0.9
2391,0.258224368,0.11
2392,0.379396766,0.19
2393,0.781202555,0.8
2394,0.586504459,0.95
2395,0.654821634,0.78
2398,0.305122495,0.31
2399,0.337960511,0.27
2400,0.43467325,0.49
2402,0.306011438,0.48
2403,0.639497101,0.97
2404,0.297137022,0.51
2405,0.36355865,0.2
2406,0.610254943,0.76
2407,0.736142755,0.82
2409,0.266926914,0.19
2410,0.159537345,0.31
2411,0.295053095,0.15
2413,0.260894686,0.36
2414,0.430301577,0.16
2415,0.525039375,0.37
2416,0.262453556,0.1
2419,0.477056861,0.83
2420,0.331642598,0.74
2425,0.371909291,0.18
2426,0.471954614,0.54
2427,0.797795415,1
2429,0.450468212,0.31
2430,0.245860443,0.04
2431,0.348489791,0.17
2433,0.76642096,0.69
2434,0.370758891,0.22
2435,0.755915046,0.74
2436,0.419860154,0.39
2437,0.388554752,0.45
2441,0.26569736,0.23
2444,0.386265576,0.11
2445,0.420967728,0.69
2449,0.344573677,0.55
2450,0.235887796,0.26
2451,0.141436696,0.1
2453,0.381738663,0.46
2455,0.648384869,0.25
2458,0.412045479,0.18
2459,0.59515363,0.1
2460,0.691321373,0.11
2461,0.290341675,0.2
2462,0.376752287,0.21
2463,0.551635385,0.59
2464,0.517989576,0.87
2465,0.449692637,0.09
2466,0.288476437,0.26
2467,0.486848831,0.66
2468,0.532566905,0.33
2469,0.475396246,0.53
2470,0.355412364,0.14
2471,0.651099861,0.31
2472,0.529355109,0.53
2473,0.518286824,0.2
2475,0.610491872,0.41
2476,0.486786455,0.14
2478,0.487527341,0.48
2480,0.619819343,0.62
2481,0.405464083,0.41
2482,0.446801454,0.16
2485,0.481437862,0.58
2486,0.376536429,0.14
2488,0.62253201,0.87
2490,0.384959906,0.24
2491,0.506076217,0.53
2492,0.296275795,0.09
2493,0.567424238,0.29
2494,0.556872368,0.34
2495,0.38490206,0.2
2496,0.492605478,0.76
2497,0.721940994,0.83
2498,0.36556384,0.53
2499,0.578630149,0.44
2501,0.295057982,0.17
2502,0.354257256,0.43
2503,0.383800209,0.51
2504,0.562872767,1
2506,0.423065424,0.43
2507,0.602165401,0.23
2508,0.310394526,0.07
2509,0.273784846,0.42
2510,0.477164328,0.13
2511,0.701191902,1
2512,0.3183873,0.08
2513,0.424344569,0.37
2514,0.370988131,0.36
2515,0.395506144,0.29
2516,0.4777807,0.39
2517,0.256867111,0.16
2518,0.318956405,0.28
2519,0.265090287,0.08
2520,0.586818159,0.14
2521,0.25735423,0.02
2522,0.228381261,0.05
2523,0.526505589,0.82
2524,0.530582845,0.56
2528,0.947512031,1
2529,0.818906426,0.89
2530,0.805316627,0.89
2532,0.604259849,0.56
2534,0.693572462,0.24
2535,0.532141089,0.16
2536,0.515847623,0.62
2538,0.385754108,0.23
2539,0.85093236,0.9
2542,0.621528447,0.19
2543,0.872433066,0.83
2545,0.292620838,0.11
2546,0.866898477,0.86
2547,0.278274149,0.11
2549,0.694189608,0.27
2550,0.309757084,0.07
2551,0.840742826,0.88
2552,0.36734429,0.16
2553,0.629863501,1
2554,0.657463133,0.51
2555,0.810753524,0.83
2556,0.473225117,0.16
2557,0.454869658,0.2
2558,0.595368207,0.44
2559,0.421934754,0.11
2560,0.751234889,0.56
2562,0.704110622,0.7
2563,0.928407848,0.67
2565,0.715492487,0.75
2567,0.382755101,0.27
2568,0.675431252,0.73
2570,0.540071726,0.09
2572,0.670912385,0.67
2573,0.602073252,0.53
2574,0.427263111,0.34
2575,0.904461503,0.9
2576,0.217738092,0.22
2577,0.80800426,0.63
2579,0.903506219,0.89
2580,0.735514402,0.87
2582,0.265722096,0.72
2583,0.305012852,0.64
2584,0.43590942,0.45
2586,0.225360706,0.37
2587,0.700791657,0.88
2588,0.659464121,0.68
2590,0.196917474,0.28
2591,0.468700409,0.15
2592,0.375309139,0.12
2593,0.614884555,0.94
2597,0.548830092,0.14
2599,0.366432458,0.42
2600,0.711562693,0.43
2601,0.376365721,0.13
2602,0.621838093,0.2
2606,0.202207789,0.05
2607,0.201240823,0.31
2608,0.647818983,0.25
2609,0.418336689,0.07
2610,0.174981683,0.04
2611,0.45103389,0.09
2612,0.63097614,0.63
2613,0.740023851,0.64
2615,0.561834335,0.59
2616,0.316585481,0.6
2617,0.444818079,0.9
2618,0.580737233,0.41
2619,0.466587037,0.69
2622,0.791124344,0.71
2623,0.350524127,0.71
2624,0.617010236,0.07
2625,0.591080785,0.73
2626,0.407195091,0.15
2627,0.390090734,0.5
2628,0.415337741,0.26
2630,0.392232955,0.25
2631,0.590165913,0.49
2632,0.495656043,0.4
2634,0.436975449,0.53
2635,0.319785088,0.28
2637,0.643957615,0.72
2639,0.731904984,0.36
2640,0.569776118,1
2643,0.607045293,0.73
2644,0.588112891,0.22
2646,0.311028987,0.05
2649,0.727598071,0.48
2650,0.333535105,0.05
2651,0.75068891,0.86
2652,0.654781103,0.23
2653,0.791502893,0.77
2654,0.718951762,0.26
2655,0.488585532,0.49
2656,0.792311668,0.94
2657,0.417844772,0.24
2658,0.606416881,0.49
2659,0.749393761,0.89
2660,0.150248647,0.18
2662,0.793156564,0.88
2663,0.507993937,0.55
2664,0.255147636,0.06
2666,0.510361969,0.24
2668,0.647854328,0.96
2670,0.305162698,0.22
2672,0.188284189,0.18
2673,0.284671426,0.77
2676,0.436030596,0.1
2677,0.361276299,0.1
2678,0.343118519,0.63
2681,0.357972056,0.66
2682,0.761292577,0.44
2684,0.677489996,0.66
2685,0.545937717,0.75
2686,0.738935053,0.72
2687,0.269476116,0.15
2688,0.93069756,1
2689,0.387541473,0.06
2693,0.732272446,0.57
2694,0.714137912,0.47
2695,0.740921497,0.82
2696,0.365009874,0.17
2697,0.679734051,0.78
2698,0.381633401,0.22
2699,0.448553741,0.44
2700,0.32791087,0.22
2701,0.694484174,0.89
2702,0.854347885,1
2703,0.495061725,0.77
2704,0.296298176,0.55
2706,0.587060213,0.17
2708,0.654102027,0.27
2709,0.473383039,0.26
2711,0.622808874,0.47
2712,0.352932543,0.22
2713,0.32501018,0.23
2715,0.375720918,0.17
2717,0.342576265,0.38
2720,0.499309063,0.21
2721,0.580888152,0.46
2723,0.38217774,0.23
2724,0.862410128,0.77
2728,0.632821977,0.66
2729,0.878829002,0.97
2730,0.808873832,1
2731,0.72057277,0.81
2732,0.594948709,0.16
2733,0.509248495,0.23
2734,0.400586426,0.65
2735,0.748666286,0.83
2737,0.830360055,0.53
2740,0.387292296,0.08
2741,0.332330614,0.07
2742,0.484299183,0.08
2743,0.727269471,0.49
2745,0.260728002,0.08
2746,0.290174663,0.11
2747,0.254915178,0.07
2749,0.263013601,0.21
2750,0.284395754,0.16
2751,0.474301696,0.03
2752,0.50994736,0.63
2753,0.75595957,1
2754,0.625819445,0.98
2756,0.383426696,0.52
2758,0.82136476,1
2759,0.47912398,0.23
2760,0.575469077,0.93
2761,0.840463459,1
2762,0.677425325,0.72
2763,0.359729558,0.4
2764,0.544823885,0.13
2765,0.588302314,0.42
2766,0.379177481,0.08
2767,0.74793613,0.58
2769,0.75612855,1
2771,0.74855864,0.18
2772,0.663593113,0.85
2774,0.906464577,0.9
2776,0.384721458,0.32
2777,0.563654542,0.79
2780,0.489378214,0.48
2782,0.292134196,0.05
2784,0.392495662,0.09
2785,0.48949036,0.16
2786,0.33983478,0.08
2787,0.374966383,0.08
2788,0.438006699,0.11
2789,0.276062369,0.05
2790,0.448449284,0.08
2791,0.511321604,0.15
2792,0.348178923,0.09
2793,0.361631453,0.13
2795,0.547909558,0.73
2796,0.219849512,0.2
2797,0.389246345,0.28
2798,0.339845598,0.17
2799,0.533835053,0.97
2800,0.441104323,0.1
2801,0.369977504,0.19
2802,0.714456081,0.26
2803,0.72774899,0.9
2804,0.221560493,0.11
2805,0.735179842,1
2806,0.656023979,0.46
2807,0.151307523,0.16
2808,0.328015387,0.17
2809,0.473732352,0.29
2811,0.832851052,1
2814,0.843591392,1
2816,0.539839149,0.63
2817,0.784605801,0.7
2818,0.660006344,0.56
2819,0.375069648,0.13
2820,0.733861208,0.86
2821,0.884245694,0.9
2822,0.420415848,0.29
2823,0.790020347,0.77
2824,0.847351015,0.8
2826,0.668080151,0.86
2827,0.756007969,1
2828,0.710394859,1
2829,0.808669984,0.68
2830,0.899241149,1
2831,0.87050432,0.87
2832,0.940138042,0.87
2834,0.876416266,0.56
2835,0.9006356,0.89
2837,0.906970739,0.87
2839,0.777853847,0.76
2840,0.563881814,0.83
2841,0.836437881,0.91
2842,0.921888053,0.76
2843,0.335005164,0.34
2844,0.840055168,0.95
2845,0.528734207,0.43
2846,0.689365149,1
2849,0.931526005,1
2850,0.932043552,1
2852,0.395869881,1
2853,0.553857207,0.71
2854,0.75701648,0.77
2855,0.755102694,0.81
2856,0.745773077,0.99
2857,0.501473427,0.64
2859,0.888287306,0.86
2860,0.78335923,1
2861,0.913067818,1
2862,0.761765361,0.71
2865,0.865846992,0.82
2866,0.695184946,0.91
2867,0.919586301,0.7
2868,0.857012868,0.47
2869,0.821303546,0.61
2870,0.910835266,0.96
2871,0.753292322,0.84
2872,0.769800186,0.99
2873,0.838586688,0.92
2875,0.386956543,0.2
2876,0.86575228,1
2877,0.873165727,1
2878,0.767975569,0.38
2879,0.727907002,1
2880,0.527092457,0.47
2883,0.847955048,0.8
2885,0.289423138,0.58
2886,0.808749914,0.8
2887,0.52903229,0.29
2888,0.884821892,0.92
2889,0.676044226,0.63
2890,0.945437193,1
2892,0.464257628,0.22
2893,0.759505749,0.92
2894,0.899728119,0.92
2896,0.414849877,0.36
2897,0.492297977,0.59
2899,0.618357003,0.37
2900,0.810754597,0.07
2902,0.451632619,0.21
2903,0.333217412,0.19
2904,0.525581062,0.33
2905,0.793619275,0.77
2906,0.41308865,0.64
2907,0.841135919,0.89
2908,0.878917098,0.8
2910,0.505258143,0.94
2911,0.726712763,0.55
2912,0.684596777,0.97
2913,0.954656184,0.82
2914,0.455989152,0.24
2915,0.828959763,0.99
2916,0.308182597,0.21
2917,0.282962173,0.2
2918,0.348542392,0.28
2919,0.703566492,1
2921,0.907209635,0.75
2922,0.672180176,0.9
2923,0.553060949,0.96
2925,0.865370095,1
2926,0.735982955,0.2
2927,0.208270013,0.56
2930,0.785916209,0.93
2932,0.755299568,0.86
2933,0.912930787,0.89
2934,0.930718839,1
2935,0.37543723,0.26
2937,0.891513586,0.38
2939,0.747783244,0.94
2940,0.803599238,1
2941,0.441877693,0.5
2942,0.916508079,1
2943,0.738385499,0.97
2944,0.90090245,0.82
2945,0.696745157,0.66
2946,0.947356403,0.89
2947,0.937620044,0.88
2948,0.721629977,0.44
2949,0.256708473,0.22
2950,0.298768938,0.08
2952,0.941452682,0.99
2953,0.809264362,0.93
2954,0.933421612,0.96
2955,0.478693634,0.78
2956,0.847279966,0.87
2957,0.513396263,0.31
2961,0.450522333,0.49
2962,0.66204983,0.82
2963,0.305567414,0.54
2964,0.289754599,0.2
2965,0.564479589,0.4
2967,0.250633299,0.27
2968,0.766220868,0.81
2970,0.69906497,0.8
2971,0.953267038,0.84
2972,0.462191433,0.26
2973,0.940348685,0.86
2974,0.505668879,0.88
2975,0.328218073,0.07
2976,0.428108662,0.09
2977,0.801339567,0.86
2978,0.515545726,0.57
2980,0.527485967,0.76
2981,0.2690413,0.2
2982,0.548661053,0.81
2984,0.225700095,0.19
2985,0.853448451,1
2986,0.553565323,0.47
2987,0.742050648,0.53
2988,0.943012595,0.84
2989,0.689155877,0.94
2992,0.62800622,0.64
2993,0.844745457,0.84
2994,0.487912774,0.26
2996,0.771238029,0.78
2998,0.76284039,0.94
2999,0.53011173,0.69
